"periode","sex","tranche_age","nb_vaccins_dose1","nb_vaccins_dose2","nb_vaccins_dose3"
"09/2006",1,"15-19",NA,NA,NA
"07/2007",0,"5-9",NA,NA,NA
"07/2007",0,"20-24",NA,NA,NA
"07/2007",0,"30-34",NA,NA,NA
"07/2007",0,"35-39",NA,NA,NA
"07/2007",0,"40-44",NA,NA,NA
"07/2007",0,"45-49",NA,NA,NA
"07/2007",1,"5-9",NA,NA,NA
"07/2007",1,"10-14",766,12,NA
"07/2007",1,"15-19",4113,88,NA
"07/2007",1,"20-24",953,17,NA
"07/2007",1,"25-29",54,NA,NA
"07/2007",1,"30-34",NA,NA,NA
"07/2007",1,"35-39",NA,NA,NA
"07/2007",1,"40-44",30,NA,NA
"07/2007",1,"45-49",19,NA,NA
"08/2007",0,"0-4",NA,NA,NA
"08/2007",0,"10-14",NA,NA,NA
"08/2007",0,"15-19",NA,NA,NA
"08/2007",0,"30-34",NA,NA,NA
"08/2007",0,"35-39",NA,NA,NA
"08/2007",0,"40-44",12,NA,NA
"08/2007",0,"45-49",NA,NA,NA
"08/2007",1,"0-4",NA,NA,NA
"08/2007",1,"5-9",16,NA,NA
"08/2007",1,"10-14",2876,201,NA
"08/2007",1,"15-19",12475,898,16
"08/2007",1,"20-24",2230,175,NA
"08/2007",1,"25-29",125,12,NA
"08/2007",1,"30-34",21,NA,NA
"08/2007",1,"35-39",29,NA,NA
"08/2007",1,"40-44",70,NA,NA
"08/2007",1,"45-49",52,NA,NA
"09/2007",0,"0-4",NA,NA,NA
"09/2007",0,"5-9",NA,NA,NA
"09/2007",0,"10-14",NA,NA,NA
"09/2007",0,"15-19",NA,NA,NA
"09/2007",0,"20-24",NA,NA,NA
"09/2007",0,"25-29",NA,NA,NA
"09/2007",0,"30-34",NA,NA,NA
"09/2007",0,"35-39",NA,NA,NA
"09/2007",0,"40-44",30,NA,NA
"09/2007",0,"45-49",33,NA,NA
"09/2007",1,"0-4",NA,NA,NA
"09/2007",1,"5-9",33,NA,NA
"09/2007",1,"10-14",9082,968,14
"09/2007",1,"15-19",30683,4540,127
"09/2007",1,"20-24",5188,810,32
"09/2007",1,"25-29",236,31,NA
"09/2007",1,"30-34",42,NA,NA
"09/2007",1,"35-39",88,NA,NA
"09/2007",1,"40-44",167,NA,NA
"09/2007",1,"45-49",142,NA,NA
"10/2007",0,"0-4",NA,NA,NA
"10/2007",0,"5-9",NA,NA,NA
"10/2007",0,"10-14",12,NA,NA
"10/2007",0,"15-19",13,NA,NA
"10/2007",0,"35-39",NA,NA,NA
"10/2007",0,"40-44",37,NA,NA
"10/2007",0,"45-49",43,NA,NA
"10/2007",1,"0-4",NA,NA,NA
"10/2007",1,"5-9",25,NA,NA
"10/2007",1,"10-14",8773,2591,86
"10/2007",1,"15-19",34439,11404,499
"10/2007",1,"20-24",6271,1909,90
"10/2007",1,"25-29",284,95,NA
"10/2007",1,"30-34",43,NA,NA
"10/2007",1,"35-39",84,NA,NA
"10/2007",1,"40-44",200,NA,NA
"10/2007",1,"45-49",164,NA,NA
"11/2007",0,"5-9",NA,NA,NA
"11/2007",0,"10-14",14,NA,NA
"11/2007",0,"15-19",20,NA,NA
"11/2007",0,"20-24",NA,NA,NA
"11/2007",0,"25-29",NA,NA,NA
"11/2007",0,"30-34",NA,NA,NA
"11/2007",0,"35-39",NA,NA,NA
"11/2007",0,"40-44",51,NA,NA
"11/2007",0,"45-49",47,NA,NA
"11/2007",1,"0-4",NA,NA,NA
"11/2007",1,"5-9",27,NA,NA
"11/2007",1,"10-14",8500,4276,277
"11/2007",1,"15-19",35771,18964,1316
"11/2007",1,"20-24",6779,3248,248
"11/2007",1,"25-29",321,148,14
"11/2007",1,"30-34",52,22,NA
"11/2007",1,"35-39",106,NA,NA
"11/2007",1,"40-44",194,NA,NA
"11/2007",1,"45-49",200,NA,NA
"12/2007",0,"0-4",NA,NA,NA
"12/2007",0,"5-9",NA,NA,NA
"12/2007",0,"10-14",19,NA,NA
"12/2007",0,"15-19",17,NA,NA
"12/2007",0,"30-34",NA,NA,NA
"12/2007",0,"35-39",NA,NA,NA
"12/2007",0,"40-44",35,NA,NA
"12/2007",0,"45-49",47,NA,NA
"12/2007",1,"0-4",NA,NA,NA
"12/2007",1,"5-9",30,NA,NA
"12/2007",1,"10-14",7139,4567,523
"12/2007",1,"15-19",31553,22335,2623
"12/2007",1,"20-24",6811,4056,533
"12/2007",1,"25-29",288,167,33
"12/2007",1,"30-34",46,17,NA
"12/2007",1,"35-39",120,NA,NA
"12/2007",1,"40-44",225,NA,NA
"12/2007",1,"45-49",176,13,NA
"01/2008",0,"0-4",NA,NA,NA
"01/2008",0,"5-9",NA,NA,NA
"01/2008",0,"10-14",27,NA,NA
"01/2008",0,"15-19",21,NA,NA
"01/2008",0,"20-24",NA,NA,NA
"01/2008",0,"25-29",NA,NA,NA
"01/2008",0,"30-34",NA,NA,NA
"01/2008",0,"35-39",17,NA,NA
"01/2008",0,"40-44",76,NA,NA
"01/2008",0,"45-49",114,NA,NA
"01/2008",1,"0-4",NA,NA,NA
"01/2008",1,"5-9",30,NA,NA
"01/2008",1,"10-14",13845,5941,973
"01/2008",1,"15-19",53853,30359,5530
"01/2008",1,"20-24",9802,5277,895
"01/2008",1,"25-29",375,212,43
"01/2008",1,"30-34",66,24,NA
"01/2008",1,"35-39",138,NA,NA
"01/2008",1,"40-44",346,NA,NA
"01/2008",1,"45-49",301,NA,NA
"02/2008",0,"5-9",NA,NA,NA
"02/2008",0,"10-14",25,NA,NA
"02/2008",0,"15-19",31,NA,NA
"02/2008",0,"20-24",NA,NA,NA
"02/2008",0,"25-29",NA,NA,NA
"02/2008",0,"30-34",NA,NA,NA
"02/2008",0,"35-39",17,NA,NA
"02/2008",0,"40-44",54,NA,NA
"02/2008",0,"45-49",73,NA,NA
"02/2008",1,"0-4",NA,NA,NA
"02/2008",1,"5-9",16,NA,NA
"02/2008",1,"10-14",10041,5405,1255
"02/2008",1,"15-19",41163,27976,8444
"02/2008",1,"20-24",8363,5366,1574
"02/2008",1,"25-29",256,214,59
"02/2008",1,"30-34",47,20,NA
"02/2008",1,"35-39",107,NA,NA
"02/2008",1,"40-44",266,16,NA
"02/2008",1,"45-49",196,12,NA
"03/2008",0,"0-4",NA,NA,NA
"03/2008",0,"5-9",NA,NA,NA
"03/2008",0,"10-14",25,NA,NA
"03/2008",0,"15-19",33,NA,NA
"03/2008",0,"20-24",NA,NA,NA
"03/2008",0,"35-39",24,NA,NA
"03/2008",0,"40-44",68,NA,NA
"03/2008",0,"45-49",75,NA,NA
"03/2008",1,"0-4",NA,NA,NA
"03/2008",1,"5-9",12,NA,NA
"03/2008",1,"10-14",9247,6831,2289
"03/2008",1,"15-19",34206,35165,15327
"03/2008",1,"20-24",7165,7088,2914
"03/2008",1,"25-29",217,215,115
"03/2008",1,"30-34",49,26,NA
"03/2008",1,"35-39",146,NA,NA
"03/2008",1,"40-44",295,14,NA
"03/2008",1,"45-49",260,22,NA
"04/2008",0,"0-4",NA,NA,NA
"04/2008",0,"5-9",NA,NA,NA
"04/2008",0,"10-14",23,NA,NA
"04/2008",0,"15-19",30,NA,NA
"04/2008",0,"20-24",NA,NA,NA
"04/2008",0,"30-34",NA,NA,NA
"04/2008",0,"35-39",18,NA,NA
"04/2008",0,"40-44",59,NA,NA
"04/2008",0,"45-49",80,NA,NA
"04/2008",1,"0-4",NA,NA,NA
"04/2008",1,"5-9",19,NA,NA
"04/2008",1,"10-14",9635,7104,2887
"04/2008",1,"15-19",35051,36449,20928
"04/2008",1,"20-24",7368,6953,3835
"04/2008",1,"25-29",242,218,160
"04/2008",1,"30-34",49,26,14
"04/2008",1,"35-39",142,12,NA
"04/2008",1,"40-44",286,13,NA
"04/2008",1,"45-49",237,13,NA
"05/2008",0,"0-4",NA,NA,NA
"05/2008",0,"5-9",NA,NA,NA
"05/2008",0,"10-14",17,NA,NA
"05/2008",0,"15-19",31,NA,NA
"05/2008",0,"20-24",NA,NA,NA
"05/2008",0,"30-34",NA,NA,NA
"05/2008",0,"35-39",NA,NA,NA
"05/2008",0,"40-44",57,NA,NA
"05/2008",0,"45-49",67,NA,NA
"05/2008",1,"0-4",NA,NA,NA
"05/2008",1,"5-9",12,NA,NA
"05/2008",1,"10-14",9165,6294,3108
"05/2008",1,"15-19",28776,30430,23279
"05/2008",1,"20-24",5834,5932,4400
"05/2008",1,"25-29",205,191,159
"05/2008",1,"30-34",36,24,13
"05/2008",1,"35-39",135,NA,NA
"05/2008",1,"40-44",285,26,NA
"05/2008",1,"45-49",228,19,NA
"06/2008",0,"0-4",NA,NA,NA
"06/2008",0,"5-9",NA,NA,NA
"06/2008",0,"10-14",16,NA,NA
"06/2008",0,"15-19",24,NA,NA
"06/2008",0,"20-24",NA,NA,NA
"06/2008",0,"25-29",NA,NA,NA
"06/2008",0,"35-39",22,NA,NA
"06/2008",0,"40-44",51,NA,NA
"06/2008",0,"45-49",70,NA,NA
"06/2008",1,"0-4",NA,NA,NA
"06/2008",1,"5-9",20,NA,NA
"06/2008",1,"10-14",8199,6290,3257
"06/2008",1,"15-19",25643,29489,25429
"06/2008",1,"20-24",5819,5879,5323
"06/2008",1,"25-29",177,177,191
"06/2008",1,"30-34",33,21,12
"06/2008",1,"35-39",101,12,NA
"06/2008",1,"40-44",293,16,NA
"06/2008",1,"45-49",198,12,NA
"07/2008",0,"0-4",NA,NA,NA
"07/2008",0,"5-9",NA,NA,NA
"07/2008",0,"10-14",16,NA,NA
"07/2008",0,"15-19",23,16,NA
"07/2008",0,"20-24",NA,NA,NA
"07/2008",0,"25-29",NA,NA,NA
"07/2008",0,"30-34",NA,NA,NA
"07/2008",0,"35-39",NA,NA,NA
"07/2008",0,"40-44",56,NA,NA
"07/2008",0,"45-49",65,NA,NA
"07/2008",1,"0-4",NA,NA,NA
"07/2008",1,"5-9",NA,NA,NA
"07/2008",1,"10-14",5866,5542,3149
"07/2008",1,"15-19",20578,24826,26844
"07/2008",1,"20-24",4697,5348,5984
"07/2008",1,"25-29",160,157,173
"07/2008",1,"30-34",42,13,28
"07/2008",1,"35-39",110,NA,NA
"07/2008",1,"40-44",237,15,NA
"07/2008",1,"45-49",186,14,NA
"08/2008",0,"0-4",NA,NA,NA
"08/2008",0,"5-9",NA,NA,NA
"08/2008",0,"10-14",13,NA,NA
"08/2008",0,"15-19",17,NA,NA
"08/2008",0,"20-24",NA,NA,NA
"08/2008",0,"35-39",13,NA,NA
"08/2008",0,"40-44",50,NA,NA
"08/2008",0,"45-49",61,NA,NA
"08/2008",1,"0-4",NA,NA,NA
"08/2008",1,"5-9",NA,NA,NA
"08/2008",1,"10-14",6637,4901,3162
"08/2008",1,"15-19",16920,20649,25235
"08/2008",1,"20-24",3473,4282,5295
"08/2008",1,"25-29",112,124,155
"08/2008",1,"30-34",30,20,14
"08/2008",1,"35-39",85,NA,NA
"08/2008",1,"40-44",222,12,NA
"08/2008",1,"45-49",200,NA,NA
"09/2008",0,"0-4",NA,NA,NA
"09/2008",0,"5-9",NA,NA,NA
"09/2008",0,"10-14",35,NA,NA
"09/2008",0,"15-19",30,NA,NA
"09/2008",0,"20-24",NA,NA,NA
"09/2008",0,"30-34",NA,NA,NA
"09/2008",0,"35-39",22,NA,NA
"09/2008",0,"40-44",73,NA,NA
"09/2008",0,"45-49",96,NA,NA
"09/2008",1,"0-4",NA,NA,NA
"09/2008",1,"5-9",28,NA,NA
"09/2008",1,"10-14",16332,6785,4359
"09/2008",1,"15-19",31777,26650,33865
"09/2008",1,"20-24",6159,5413,7099
"09/2008",1,"25-29",209,148,197
"09/2008",1,"30-34",52,19,28
"09/2008",1,"35-39",146,NA,NA
"09/2008",1,"40-44",334,15,NA
"09/2008",1,"45-49",273,13,NA
"10/2008",0,"0-4",NA,NA,NA
"10/2008",0,"5-9",NA,NA,NA
"10/2008",0,"10-14",32,NA,NA
"10/2008",0,"15-19",21,NA,NA
"10/2008",0,"20-24",NA,NA,NA
"10/2008",0,"30-34",NA,NA,NA
"10/2008",0,"35-39",NA,NA,NA
"10/2008",0,"40-44",56,NA,NA
"10/2008",0,"45-49",74,NA,NA
"10/2008",1,"0-4",NA,NA,NA
"10/2008",1,"5-9",19,NA,NA
"10/2008",1,"10-14",11309,6746,3642
"10/2008",1,"15-19",24387,21741,27113
"10/2008",1,"20-24",5102,4037,5577
"10/2008",1,"25-29",176,133,179
"10/2008",1,"30-34",43,17,23
"10/2008",1,"35-39",102,NA,NA
"10/2008",1,"40-44",255,NA,NA
"10/2008",1,"45-49",228,14,NA
"11/2008",0,"0-4",NA,NA,NA
"11/2008",0,"5-9",NA,NA,NA
"11/2008",0,"10-14",18,NA,NA
"11/2008",0,"15-19",19,NA,NA
"11/2008",0,"20-24",NA,NA,NA
"11/2008",0,"25-29",NA,NA,NA
"11/2008",0,"35-39",NA,NA,NA
"11/2008",0,"40-44",62,NA,NA
"11/2008",0,"45-49",57,NA,NA
"11/2008",1,"0-4",NA,NA,NA
"11/2008",1,"5-9",15,NA,NA
"11/2008",1,"10-14",7164,7893,3092
"11/2008",1,"15-19",16633,21922,20292
"11/2008",1,"20-24",3670,4193,4191
"11/2008",1,"25-29",140,139,149
"11/2008",1,"30-34",38,15,15
"11/2008",1,"35-39",94,13,NA
"11/2008",1,"40-44",198,12,NA
"11/2008",1,"45-49",165,NA,NA
"12/2008",0,"0-4",NA,NA,NA
"12/2008",0,"5-9",NA,NA,NA
"12/2008",0,"10-14",13,NA,NA
"12/2008",0,"15-19",21,NA,NA
"12/2008",0,"20-24",NA,NA,NA
"12/2008",0,"25-29",NA,NA,NA
"12/2008",0,"30-34",NA,NA,NA
"12/2008",0,"35-39",NA,NA,NA
"12/2008",0,"40-44",46,NA,NA
"12/2008",0,"45-49",70,NA,NA
"12/2008",1,"0-4",NA,NA,NA
"12/2008",1,"5-9",NA,NA,NA
"12/2008",1,"10-14",7354,7284,3465
"12/2008",1,"15-19",16424,20577,21311
"12/2008",1,"20-24",4117,4242,4972
"12/2008",1,"25-29",148,145,141
"12/2008",1,"30-34",30,21,NA
"12/2008",1,"35-39",100,NA,NA
"12/2008",1,"40-44",199,14,NA
"12/2008",1,"45-49",201,NA,NA
"01/2009",0,"0-4",NA,NA,NA
"01/2009",0,"5-9",NA,NA,NA
"01/2009",0,"10-14",26,NA,NA
"01/2009",0,"15-19",23,NA,NA
"01/2009",0,"20-24",NA,NA,NA
"01/2009",0,"30-34",NA,NA,NA
"01/2009",0,"35-39",19,NA,NA
"01/2009",0,"40-44",77,NA,NA
"01/2009",0,"45-49",74,NA,NA
"01/2009",1,"0-4",NA,NA,NA
"01/2009",1,"5-9",18,NA,NA
"01/2009",1,"10-14",9558,6470,3542
"01/2009",1,"15-19",18411,18246,20780
"01/2009",1,"20-24",4222,3496,4196
"01/2009",1,"25-29",159,120,146
"01/2009",1,"30-34",43,14,15
"01/2009",1,"35-39",112,NA,NA
"01/2009",1,"40-44",196,14,NA
"01/2009",1,"45-49",213,NA,NA
"02/2009",0,"0-4",NA,NA,NA
"02/2009",0,"5-9",NA,NA,NA
"02/2009",0,"10-14",NA,NA,NA
"02/2009",0,"15-19",19,NA,NA
"02/2009",0,"20-24",NA,NA,NA
"02/2009",0,"30-34",NA,NA,NA
"02/2009",0,"35-39",15,NA,NA
"02/2009",0,"40-44",61,NA,NA
"02/2009",0,"45-49",65,NA,NA
"02/2009",1,"0-4",NA,NA,NA
"02/2009",1,"5-9",NA,NA,NA
"02/2009",1,"10-14",8872,5400,3289
"02/2009",1,"15-19",17461,14785,17014
"02/2009",1,"20-24",3853,3175,3556
"02/2009",1,"25-29",162,118,111
"02/2009",1,"30-34",27,17,12
"02/2009",1,"35-39",92,NA,NA
"02/2009",1,"40-44",177,NA,NA
"02/2009",1,"45-49",166,NA,NA
"03/2009",0,"0-4",NA,NA,NA
"03/2009",0,"5-9",NA,NA,NA
"03/2009",0,"10-14",23,NA,NA
"03/2009",0,"15-19",28,NA,NA
"03/2009",0,"20-24",NA,NA,NA
"03/2009",0,"30-34",NA,NA,NA
"03/2009",0,"35-39",14,NA,NA
"03/2009",0,"40-44",50,NA,NA
"03/2009",0,"45-49",61,NA,NA
"03/2009",1,"0-4",NA,NA,NA
"03/2009",1,"5-9",12,NA,NA
"03/2009",1,"10-14",10082,6513,4778
"03/2009",1,"15-19",17283,17102,20508
"03/2009",1,"20-24",4016,3618,3973
"03/2009",1,"25-29",183,119,108
"03/2009",1,"30-34",30,12,13
"03/2009",1,"35-39",96,NA,NA
"03/2009",1,"40-44",241,NA,NA
"03/2009",1,"45-49",191,NA,NA
"04/2009",0,"0-4",NA,NA,NA
"04/2009",0,"5-9",NA,NA,NA
"04/2009",0,"10-14",19,NA,NA
"04/2009",0,"15-19",21,19,NA
"04/2009",0,"20-24",NA,NA,NA
"04/2009",0,"25-29",NA,NA,NA
"04/2009",0,"30-34",NA,NA,NA
"04/2009",0,"35-39",12,NA,NA
"04/2009",0,"40-44",69,NA,NA
"04/2009",0,"45-49",65,NA,NA
"04/2009",1,"0-4",NA,NA,NA
"04/2009",1,"5-9",25,NA,NA
"04/2009",1,"10-14",9136,6761,4386
"04/2009",1,"15-19",16101,16745,19269
"04/2009",1,"20-24",3727,3547,3860
"04/2009",1,"25-29",164,105,114
"04/2009",1,"30-34",31,19,17
"04/2009",1,"35-39",105,NA,NA
"04/2009",1,"40-44",239,NA,NA
"04/2009",1,"45-49",185,NA,NA
"05/2009",0,"0-4",NA,NA,NA
"05/2009",0,"5-9",NA,NA,NA
"05/2009",0,"10-14",15,NA,NA
"05/2009",0,"15-19",26,NA,NA
"05/2009",0,"20-24",NA,NA,NA
"05/2009",0,"25-29",NA,NA,NA
"05/2009",0,"35-39",12,NA,NA
"05/2009",0,"40-44",42,NA,NA
"05/2009",0,"45-49",47,NA,NA
"05/2009",1,"0-4",NA,NA,NA
"05/2009",1,"5-9",13,NA,NA
"05/2009",1,"10-14",7770,6284,3451
"05/2009",1,"15-19",12931,14776,15633
"05/2009",1,"20-24",3023,3103,3037
"05/2009",1,"25-29",127,113,119
"05/2009",1,"30-34",39,NA,12
"05/2009",1,"35-39",105,NA,NA
"05/2009",1,"40-44",187,NA,NA
"05/2009",1,"45-49",160,NA,NA
"06/2009",0,"0-4",NA,NA,NA
"06/2009",0,"5-9",NA,NA,NA
"06/2009",0,"10-14",14,NA,NA
"06/2009",0,"15-19",26,15,NA
"06/2009",0,"20-24",NA,NA,NA
"06/2009",0,"25-29",NA,NA,NA
"06/2009",0,"30-34",NA,NA,NA
"06/2009",0,"35-39",NA,NA,NA
"06/2009",0,"40-44",39,NA,NA
"06/2009",0,"45-49",51,NA,NA
"06/2009",1,"0-4",NA,NA,NA
"06/2009",1,"5-9",NA,NA,NA
"06/2009",1,"10-14",7830,6574,3637
"06/2009",1,"15-19",12593,15112,15432
"06/2009",1,"20-24",3007,3268,3346
"06/2009",1,"25-29",143,119,98
"06/2009",1,"30-34",30,12,12
"06/2009",1,"35-39",87,NA,NA
"06/2009",1,"40-44",203,12,NA
"06/2009",1,"45-49",156,NA,NA
"07/2009",0,"0-4",NA,NA,NA
"07/2009",0,"5-9",NA,NA,NA
"07/2009",0,"10-14",19,NA,NA
"07/2009",0,"15-19",25,NA,NA
"07/2009",0,"25-29",NA,NA,NA
"07/2009",0,"35-39",16,NA,NA
"07/2009",0,"40-44",26,NA,NA
"07/2009",0,"45-49",57,NA,NA
"07/2009",1,"0-4",NA,NA,NA
"07/2009",1,"5-9",NA,NA,NA
"07/2009",1,"10-14",5949,5296,3019
"07/2009",1,"15-19",10779,12425,13538
"07/2009",1,"20-24",2627,2676,2870
"07/2009",1,"25-29",129,123,105
"07/2009",1,"30-34",24,16,NA
"07/2009",1,"35-39",81,NA,NA
"07/2009",1,"40-44",157,NA,NA
"07/2009",1,"45-49",154,NA,NA
"08/2009",0,"5-9",NA,NA,NA
"08/2009",0,"10-14",18,NA,NA
"08/2009",0,"15-19",17,NA,NA
"08/2009",0,"20-24",NA,NA,NA
"08/2009",0,"25-29",NA,NA,NA
"08/2009",0,"30-34",NA,NA,NA
"08/2009",0,"35-39",NA,NA,NA
"08/2009",0,"40-44",31,NA,NA
"08/2009",0,"45-49",52,NA,NA
"08/2009",1,"0-4",NA,NA,NA
"08/2009",1,"5-9",NA,NA,NA
"08/2009",1,"10-14",7443,4951,3247
"08/2009",1,"15-19",9891,10596,12166
"08/2009",1,"20-24",1911,2155,2492
"08/2009",1,"25-29",110,98,92
"08/2009",1,"30-34",24,NA,14
"08/2009",1,"35-39",64,NA,NA
"08/2009",1,"40-44",150,NA,NA
"08/2009",1,"45-49",121,NA,NA
"09/2009",0,"0-4",NA,NA,NA
"09/2009",0,"5-9",NA,NA,NA
"09/2009",0,"10-14",27,NA,NA
"09/2009",0,"15-19",27,12,12
"09/2009",0,"20-24",NA,NA,NA
"09/2009",0,"30-34",NA,NA,NA
"09/2009",0,"35-39",12,NA,NA
"09/2009",0,"40-44",62,NA,NA
"09/2009",0,"45-49",52,NA,NA
"09/2009",1,"0-4",NA,NA,NA
"09/2009",1,"5-9",12,NA,NA
"09/2009",1,"10-14",15969,6965,4551
"09/2009",1,"15-19",16636,14659,17534
"09/2009",1,"20-24",3049,2803,3529
"09/2009",1,"25-29",168,124,148
"09/2009",1,"30-34",33,NA,NA
"09/2009",1,"35-39",109,NA,NA
"09/2009",1,"40-44",209,NA,NA
"09/2009",1,"45-49",218,13,NA
"10/2009",0,"0-4",NA,NA,NA
"10/2009",0,"5-9",NA,NA,NA
"10/2009",0,"10-14",20,NA,NA
"10/2009",0,"15-19",13,14,NA
"10/2009",0,"25-29",NA,NA,NA
"10/2009",0,"35-39",15,NA,NA
"10/2009",0,"40-44",55,NA,NA
"10/2009",0,"45-49",48,NA,NA
"10/2009",1,"0-4",NA,NA,NA
"10/2009",1,"5-9",NA,NA,NA
"10/2009",1,"10-14",10319,6728,3666
"10/2009",1,"15-19",12092,11850,14024
"10/2009",1,"20-24",2397,2143,2880
"10/2009",1,"25-29",122,109,110
"10/2009",1,"30-34",27,13,NA
"10/2009",1,"35-39",92,NA,NA
"10/2009",1,"40-44",214,NA,NA
"10/2009",1,"45-49",143,NA,NA
"11/2009",0,"0-4",NA,NA,NA
"11/2009",0,"5-9",NA,NA,NA
"11/2009",0,"10-14",23,NA,NA
"11/2009",0,"15-19",20,NA,NA
"11/2009",0,"20-24",NA,NA,NA
"11/2009",0,"30-34",NA,NA,NA
"11/2009",0,"35-39",16,NA,NA
"11/2009",0,"40-44",47,NA,NA
"11/2009",0,"45-49",44,NA,NA
"11/2009",1,"0-4",NA,NA,NA
"11/2009",1,"5-9",17,NA,NA
"11/2009",1,"10-14",8164,7937,3205
"11/2009",1,"15-19",9515,12660,11724
"11/2009",1,"20-24",2045,2247,2169
"11/2009",1,"25-29",101,96,95
"11/2009",1,"30-34",36,12,NA
"11/2009",1,"35-39",73,NA,NA
"11/2009",1,"40-44",176,NA,NA
"11/2009",1,"45-49",147,NA,NA
"12/2009",0,"0-4",NA,NA,NA
"12/2009",0,"5-9",NA,NA,NA
"12/2009",0,"10-14",16,NA,NA
"12/2009",0,"15-19",NA,NA,NA
"12/2009",0,"20-24",NA,NA,NA
"12/2009",0,"35-39",NA,NA,NA
"12/2009",0,"40-44",42,NA,NA
"12/2009",0,"45-49",54,NA,NA
"12/2009",1,"0-4",NA,NA,NA
"12/2009",1,"5-9",13,NA,NA
"12/2009",1,"10-14",5566,6018,2896
"12/2009",1,"15-19",7506,10307,10302
"12/2009",1,"20-24",1726,1915,2259
"12/2009",1,"25-29",92,96,85
"12/2009",1,"30-34",27,12,13
"12/2009",1,"35-39",51,NA,NA
"12/2009",1,"40-44",131,NA,NA
"12/2009",1,"45-49",107,NA,NA
"01/2010",0,"0-4",NA,NA,NA
"01/2010",0,"5-9",NA,NA,NA
"01/2010",0,"10-14",20,NA,NA
"01/2010",0,"15-19",18,NA,NA
"01/2010",0,"20-24",NA,NA,NA
"01/2010",0,"25-29",NA,NA,NA
"01/2010",0,"30-34",NA,NA,NA
"01/2010",0,"35-39",NA,NA,NA
"01/2010",0,"40-44",65,NA,NA
"01/2010",0,"45-49",62,NA,NA
"01/2010",1,"0-4",NA,NA,NA
"01/2010",1,"5-9",NA,NA,NA
"01/2010",1,"10-14",7478,5777,3275
"01/2010",1,"15-19",8257,9667,10899
"01/2010",1,"20-24",1615,1688,1908
"01/2010",1,"25-29",87,81,77
"01/2010",1,"30-34",31,14,NA
"01/2010",1,"35-39",101,NA,NA
"01/2010",1,"40-44",195,13,NA
"01/2010",1,"45-49",161,NA,NA
"02/2010",0,"0-4",NA,NA,NA
"02/2010",0,"5-9",NA,NA,NA
"02/2010",0,"10-14",17,NA,NA
"02/2010",0,"15-19",14,NA,NA
"02/2010",0,"35-39",14,NA,NA
"02/2010",0,"40-44",46,NA,NA
"02/2010",0,"45-49",56,NA,NA
"02/2010",1,"0-4",NA,NA,NA
"02/2010",1,"5-9",12,NA,NA
"02/2010",1,"10-14",7639,4721,3287
"02/2010",1,"15-19",8965,7932,9872
"02/2010",1,"20-24",1638,1463,1693
"02/2010",1,"25-29",82,77,81
"02/2010",1,"30-34",20,NA,NA
"02/2010",1,"35-39",77,NA,NA
"02/2010",1,"40-44",159,NA,NA
"02/2010",1,"45-49",126,NA,NA
"03/2010",0,"5-9",NA,NA,NA
"03/2010",0,"10-14",15,NA,NA
"03/2010",0,"15-19",13,NA,NA
"03/2010",0,"25-29",NA,NA,NA
"03/2010",0,"30-34",NA,NA,NA
"03/2010",0,"35-39",15,NA,NA
"03/2010",0,"40-44",46,NA,NA
"03/2010",0,"45-49",54,NA,NA
"03/2010",1,"0-4",NA,NA,NA
"03/2010",1,"5-9",NA,NA,NA
"03/2010",1,"10-14",8771,5993,4568
"03/2010",1,"15-19",9096,9547,12182
"03/2010",1,"20-24",1928,1577,1976
"03/2010",1,"25-29",111,88,96
"03/2010",1,"30-34",17,NA,12
"03/2010",1,"35-39",91,NA,NA
"03/2010",1,"40-44",207,NA,NA
"03/2010",1,"45-49",131,NA,NA
"04/2010",0,"0-4",NA,NA,NA
"04/2010",0,"5-9",NA,NA,NA
"04/2010",0,"10-14",18,NA,NA
"04/2010",0,"15-19",21,NA,NA
"04/2010",0,"20-24",NA,NA,NA
"04/2010",0,"30-34",NA,NA,NA
"04/2010",0,"35-39",12,NA,NA
"04/2010",0,"40-44",54,NA,NA
"04/2010",0,"45-49",57,NA,NA
"04/2010",1,"0-4",NA,NA,NA
"04/2010",1,"5-9",13,NA,NA
"04/2010",1,"10-14",8292,6039,4030
"04/2010",1,"15-19",8760,9424,10775
"04/2010",1,"20-24",1885,1458,1711
"04/2010",1,"25-29",83,69,86
"04/2010",1,"30-34",19,15,NA
"04/2010",1,"35-39",81,NA,NA
"04/2010",1,"40-44",182,NA,NA
"04/2010",1,"45-49",175,NA,NA
"05/2010",0,"0-4",NA,NA,NA
"05/2010",0,"5-9",NA,NA,NA
"05/2010",0,"10-14",15,NA,NA
"05/2010",0,"15-19",12,NA,NA
"05/2010",0,"20-24",NA,NA,NA
"05/2010",0,"30-34",NA,NA,NA
"05/2010",0,"35-39",NA,NA,NA
"05/2010",0,"40-44",47,NA,NA
"05/2010",0,"45-49",44,NA,NA
"05/2010",1,"0-4",NA,NA,NA
"05/2010",1,"5-9",NA,NA,NA
"05/2010",1,"10-14",7550,5552,3390
"05/2010",1,"15-19",7677,8602,9209
"05/2010",1,"20-24",1589,1344,1495
"05/2010",1,"25-29",81,67,78
"05/2010",1,"30-34",27,NA,NA
"05/2010",1,"35-39",73,NA,NA
"05/2010",1,"40-44",157,NA,NA
"05/2010",1,"45-49",125,NA,NA
"06/2010",0,"0-4",NA,NA,NA
"06/2010",0,"5-9",NA,NA,NA
"06/2010",0,"10-14",21,NA,NA
"06/2010",0,"15-19",NA,NA,NA
"06/2010",0,"20-24",NA,NA,NA
"06/2010",0,"35-39",15,NA,NA
"06/2010",0,"40-44",51,NA,NA
"06/2010",0,"45-49",38,NA,NA
"06/2010",1,"0-4",NA,NA,NA
"06/2010",1,"5-9",24,NA,NA
"06/2010",1,"10-14",9284,6358,3378
"06/2010",1,"15-19",9721,9697,9782
"06/2010",1,"20-24",1948,1558,1635
"06/2010",1,"25-29",106,77,79
"06/2010",1,"30-34",31,NA,12
"06/2010",1,"35-39",103,NA,NA
"06/2010",1,"40-44",204,NA,NA
"06/2010",1,"45-49",145,NA,NA
"07/2010",0,"0-4",NA,NA,NA
"07/2010",0,"5-9",NA,NA,NA
"07/2010",0,"10-14",18,NA,NA
"07/2010",0,"15-19",NA,NA,NA
"07/2010",0,"20-24",NA,NA,NA
"07/2010",0,"25-29",NA,NA,NA
"07/2010",0,"30-34",NA,NA,NA
"07/2010",0,"35-39",NA,NA,NA
"07/2010",0,"40-44",49,NA,NA
"07/2010",0,"45-49",43,NA,NA
"07/2010",1,"0-4",NA,NA,NA
"07/2010",1,"5-9",NA,NA,NA
"07/2010",1,"10-14",6901,5003,2580
"07/2010",1,"15-19",8263,8065,8032
"07/2010",1,"20-24",1589,1288,1382
"07/2010",1,"25-29",80,59,67
"07/2010",1,"30-34",14,13,NA
"07/2010",1,"35-39",65,NA,NA
"07/2010",1,"40-44",162,NA,NA
"07/2010",1,"45-49",134,NA,NA
"08/2010",0,"0-4",NA,NA,NA
"08/2010",0,"10-14",12,NA,NA
"08/2010",0,"15-19",NA,NA,NA
"08/2010",0,"20-24",NA,NA,NA
"08/2010",0,"25-29",NA,NA,NA
"08/2010",0,"30-34",NA,NA,NA
"08/2010",0,"35-39",NA,NA,NA
"08/2010",0,"40-44",39,NA,NA
"08/2010",0,"45-49",38,NA,NA
"08/2010",0,NA,NA,NA,NA
"08/2010",1,"0-4",NA,NA,NA
"08/2010",1,"5-9",14,NA,NA
"08/2010",1,"10-14",8856,5472,3026
"08/2010",1,"15-19",8561,8268,8213
"08/2010",1,"20-24",1236,1193,1063
"08/2010",1,"25-29",74,49,55
"08/2010",1,"30-34",21,NA,NA
"08/2010",1,"35-39",59,12,NA
"08/2010",1,"40-44",179,NA,NA
"08/2010",1,"45-49",136,13,NA
"09/2010",0,"0-4",NA,NA,NA
"09/2010",0,"5-9",NA,NA,NA
"09/2010",0,"10-14",30,NA,NA
"09/2010",0,"15-19",26,NA,NA
"09/2010",0,"20-24",NA,NA,NA
"09/2010",0,"25-29",NA,NA,NA
"09/2010",0,"30-34",NA,NA,NA
"09/2010",0,"35-39",18,NA,NA
"09/2010",0,"40-44",65,NA,NA
"09/2010",0,"45-49",61,NA,NA
"09/2010",1,"0-4",NA,NA,NA
"09/2010",1,"5-9",15,NA,NA
"09/2010",1,"10-14",18418,7669,3945
"09/2010",1,"15-19",14128,11496,11322
"09/2010",1,"20-24",1927,1590,1520
"09/2010",1,"25-29",97,73,79
"09/2010",1,"30-34",34,NA,NA
"09/2010",1,"35-39",152,NA,NA
"09/2010",1,"40-44",261,12,NA
"09/2010",1,"45-49",224,NA,NA
"10/2010",0,"0-4",NA,NA,NA
"10/2010",0,"5-9",NA,NA,NA
"10/2010",0,"10-14",23,NA,NA
"10/2010",0,"15-19",25,NA,NA
"10/2010",0,"20-24",NA,NA,NA
"10/2010",0,"25-29",NA,NA,NA
"10/2010",0,"30-34",NA,NA,NA
"10/2010",0,"35-39",14,NA,NA
"10/2010",0,"40-44",56,NA,NA
"10/2010",0,"45-49",55,NA,NA
"10/2010",1,"0-4",NA,NA,NA
"10/2010",1,"5-9",17,NA,NA
"10/2010",1,"10-14",12887,7551,3392
"10/2010",1,"15-19",11715,10726,9911
"10/2010",1,"20-24",1613,1273,1357
"10/2010",1,"25-29",86,69,64
"10/2010",1,"30-34",26,NA,NA
"10/2010",1,"35-39",89,NA,NA
"10/2010",1,"40-44",208,NA,NA
"10/2010",1,"45-49",166,NA,NA
"11/2010",0,"0-4",NA,NA,NA
"11/2010",0,"5-9",NA,NA,NA
"11/2010",0,"10-14",28,NA,NA
"11/2010",0,"15-19",23,NA,NA
"11/2010",0,"20-24",NA,NA,NA
"11/2010",0,"35-39",NA,NA,NA
"11/2010",0,"40-44",34,NA,NA
"11/2010",0,"45-49",52,NA,NA
"11/2010",1,"0-4",NA,NA,NA
"11/2010",1,"5-9",13,NA,NA
"11/2010",1,"10-14",9652,9105,3226
"11/2010",1,"15-19",9428,11705,8810
"11/2010",1,"20-24",1540,1415,1130
"11/2010",1,"25-29",83,68,59
"11/2010",1,"30-34",26,NA,NA
"11/2010",1,"35-39",77,NA,NA
"11/2010",1,"40-44",180,NA,NA
"11/2010",1,"45-49",156,NA,NA
"12/2010",0,"0-4",NA,NA,NA
"12/2010",0,"10-14",23,NA,NA
"12/2010",0,"15-19",21,NA,12
"12/2010",0,"20-24",NA,NA,NA
"12/2010",0,"30-34",NA,NA,NA
"12/2010",0,"35-39",NA,NA,NA
"12/2010",0,"40-44",45,NA,NA
"12/2010",0,"45-49",55,NA,NA
"12/2010",1,"5-9",NA,NA,NA
"12/2010",1,"10-14",7351,8128,3424
"12/2010",1,"15-19",7866,10504,9002
"12/2010",1,"20-24",1343,1296,1244
"12/2010",1,"25-29",77,62,63
"12/2010",1,"30-34",21,12,NA
"12/2010",1,"35-39",69,NA,NA
"12/2010",1,"40-44",182,NA,NA
"12/2010",1,"45-49",168,NA,NA
"01/2011",0,"0-4",NA,NA,NA
"01/2011",0,"5-9",NA,NA,NA
"01/2011",0,"10-14",22,NA,NA
"01/2011",0,"15-19",14,14,NA
"01/2011",0,"20-24",NA,NA,NA
"01/2011",0,"30-34",NA,NA,NA
"01/2011",0,"35-39",18,NA,NA
"01/2011",0,"40-44",65,NA,NA
"01/2011",0,"45-49",55,NA,NA
"01/2011",1,"0-4",NA,NA,NA
"01/2011",1,"5-9",17,NA,NA
"01/2011",1,"10-14",8360,7081,3768
"01/2011",1,"15-19",7642,9888,9596
"01/2011",1,"20-24",1260,1193,1109
"01/2011",1,"25-29",69,76,50
"01/2011",1,"30-34",30,NA,NA
"01/2011",1,"35-39",90,NA,NA
"01/2011",1,"40-44",222,NA,NA
"01/2011",1,"45-49",165,NA,NA
"02/2011",0,"0-4",NA,NA,NA
"02/2011",0,"5-9",NA,NA,NA
"02/2011",0,"10-14",18,NA,NA
"02/2011",0,"15-19",20,NA,NA
"02/2011",0,"20-24",NA,NA,NA
"02/2011",0,"25-29",NA,NA,NA
"02/2011",0,"30-34",NA,NA,NA
"02/2011",0,"35-39",NA,NA,NA
"02/2011",0,"40-44",29,NA,NA
"02/2011",0,"45-49",44,NA,NA
"02/2011",1,"0-4",NA,NA,NA
"02/2011",1,"5-9",NA,NA,NA
"02/2011",1,"10-14",6028,5038,3341
"02/2011",1,"15-19",5860,7165,8367
"02/2011",1,"20-24",961,966,945
"02/2011",1,"25-29",54,50,42
"02/2011",1,"30-34",23,NA,NA
"02/2011",1,"35-39",65,NA,NA
"02/2011",1,"40-44",174,NA,NA
"02/2011",1,"45-49",129,NA,NA
"03/2011",0,"0-4",NA,NA,NA
"03/2011",0,"5-9",NA,NA,NA
"03/2011",0,"10-14",17,NA,NA
"03/2011",0,"15-19",13,NA,NA
"03/2011",0,"20-24",NA,NA,NA
"03/2011",0,"25-29",NA,NA,NA
"03/2011",0,"30-34",NA,NA,NA
"03/2011",0,"35-39",NA,NA,NA
"03/2011",0,"40-44",46,NA,NA
"03/2011",0,"45-49",62,NA,NA
"03/2011",1,"0-4",NA,NA,NA
"03/2011",1,"5-9",14,NA,NA
"03/2011",1,"10-14",7599,5847,4931
"03/2011",1,"15-19",7166,8219,11820
"03/2011",1,"20-24",1107,1034,1181
"03/2011",1,"25-29",52,49,54
"03/2011",1,"30-34",30,NA,NA
"03/2011",1,"35-39",82,NA,NA
"03/2011",1,"40-44",170,14,NA
"03/2011",1,"45-49",167,NA,NA
"04/2011",0,"0-4",NA,NA,NA
"04/2011",0,"5-9",NA,NA,NA
"04/2011",0,"10-14",NA,NA,NA
"04/2011",0,"15-19",22,NA,NA
"04/2011",0,"20-24",NA,NA,NA
"04/2011",0,"30-34",NA,NA,NA
"04/2011",0,"35-39",NA,NA,NA
"04/2011",0,"40-44",35,NA,NA
"04/2011",0,"45-49",39,NA,NA
"04/2011",1,"5-9",NA,NA,NA
"04/2011",1,"10-14",6833,4891,4165
"04/2011",1,"15-19",6356,6730,10346
"04/2011",1,"20-24",958,917,1003
"04/2011",1,"25-29",52,44,51
"04/2011",1,"30-34",23,NA,NA
"04/2011",1,"35-39",76,NA,NA
"04/2011",1,"40-44",157,NA,NA
"04/2011",1,"45-49",124,NA,NA
"05/2011",0,"0-4",NA,NA,NA
"05/2011",0,"5-9",NA,NA,NA
"05/2011",0,"10-14",12,NA,NA
"05/2011",0,"15-19",14,NA,NA
"05/2011",0,"20-24",NA,NA,NA
"05/2011",0,"25-29",NA,NA,NA
"05/2011",0,"35-39",13,NA,NA
"05/2011",0,"40-44",41,NA,NA
"05/2011",0,"45-49",61,NA,NA
"05/2011",1,"0-4",NA,NA,NA
"05/2011",1,"5-9",12,NA,NA
"05/2011",1,"10-14",7436,5544,4024
"05/2011",1,"15-19",6788,7693,10092
"05/2011",1,"20-24",1013,872,1040
"05/2011",1,"25-29",63,38,49
"05/2011",1,"30-34",23,NA,13
"05/2011",1,"35-39",58,NA,NA
"05/2011",1,"40-44",151,NA,NA
"05/2011",1,"45-49",124,NA,NA
"06/2011",0,"0-4",NA,NA,NA
"06/2011",0,"5-9",NA,NA,NA
"06/2011",0,"10-14",23,NA,NA
"06/2011",0,"15-19",18,NA,NA
"06/2011",0,"20-24",NA,NA,NA
"06/2011",0,"25-29",NA,NA,NA
"06/2011",0,"30-34",NA,NA,NA
"06/2011",0,"35-39",NA,NA,NA
"06/2011",0,"40-44",25,NA,NA
"06/2011",0,"45-49",39,NA,NA
"06/2011",1,"0-4",NA,NA,NA
"06/2011",1,"5-9",NA,NA,NA
"06/2011",1,"10-14",6939,5204,3391
"06/2011",1,"15-19",6475,7196,9158
"06/2011",1,"20-24",948,888,1003
"06/2011",1,"25-29",63,43,58
"06/2011",1,"30-34",28,NA,NA
"06/2011",1,"35-39",76,NA,NA
"06/2011",1,"40-44",159,NA,NA
"06/2011",1,"45-49",126,14,NA
"07/2011",0,"0-4",NA,NA,NA
"07/2011",0,"5-9",NA,NA,NA
"07/2011",0,"10-14",17,NA,NA
"07/2011",0,"15-19",NA,NA,NA
"07/2011",0,"20-24",NA,NA,NA
"07/2011",0,"30-34",NA,NA,NA
"07/2011",0,"35-39",NA,NA,NA
"07/2011",0,"40-44",29,NA,NA
"07/2011",0,"45-49",37,NA,NA
"07/2011",1,"5-9",NA,NA,NA
"07/2011",1,"10-14",4673,4207,2484
"07/2011",1,"15-19",5018,6081,7042
"07/2011",1,"20-24",666,679,799
"07/2011",1,"25-29",36,36,44
"07/2011",1,"30-34",18,NA,NA
"07/2011",1,"35-39",47,NA,NA
"07/2011",1,"40-44",127,NA,NA
"07/2011",1,"45-49",96,NA,NA
"08/2011",0,"5-9",NA,NA,NA
"08/2011",0,"10-14",12,NA,NA
"08/2011",0,"15-19",NA,NA,NA
"08/2011",0,"20-24",NA,NA,NA
"08/2011",0,"30-34",NA,NA,NA
"08/2011",0,"35-39",NA,NA,NA
"08/2011",0,"40-44",27,NA,NA
"08/2011",0,"45-49",35,NA,NA
"08/2011",1,"5-9",NA,NA,NA
"08/2011",1,"10-14",5013,3954,2411
"08/2011",1,"15-19",4113,5120,5909
"08/2011",1,"20-24",472,597,629
"08/2011",1,"25-29",31,34,28
"08/2011",1,"30-34",16,NA,NA
"08/2011",1,"35-39",45,NA,NA
"08/2011",1,"40-44",87,NA,NA
"08/2011",1,"45-49",79,NA,NA
"09/2011",0,"0-4",NA,NA,NA
"09/2011",0,"5-9",NA,NA,NA
"09/2011",0,"10-14",30,NA,NA
"09/2011",0,"15-19",26,NA,13
"09/2011",0,"20-24",NA,NA,NA
"09/2011",0,"25-29",NA,NA,NA
"09/2011",0,"35-39",12,NA,NA
"09/2011",0,"40-44",47,NA,NA
"09/2011",0,"45-49",47,NA,NA
"09/2011",1,"0-4",NA,NA,NA
"09/2011",1,"5-9",16,NA,NA
"09/2011",1,"10-14",10693,4943,3444
"09/2011",1,"15-19",7069,7008,8780
"09/2011",1,"20-24",733,681,887
"09/2011",1,"25-29",37,36,39
"09/2011",1,"30-34",19,NA,NA
"09/2011",1,"35-39",62,NA,NA
"09/2011",1,"40-44",141,NA,NA
"09/2011",1,"45-49",134,NA,NA
"10/2011",0,"0-4",NA,NA,NA
"10/2011",0,"5-9",NA,NA,NA
"10/2011",0,"10-14",NA,NA,NA
"10/2011",0,"15-19",NA,NA,NA
"10/2011",0,"20-24",NA,NA,NA
"10/2011",0,"25-29",NA,NA,NA
"10/2011",0,"30-34",NA,NA,NA
"10/2011",0,"35-39",NA,NA,NA
"10/2011",0,"40-44",28,NA,NA
"10/2011",0,"45-49",36,NA,NA
"10/2011",1,"0-4",NA,NA,NA
"10/2011",1,"5-9",16,NA,NA
"10/2011",1,"10-14",7666,4542,2640
"10/2011",1,"15-19",5904,5844,7329
"10/2011",1,"20-24",655,498,680
"10/2011",1,"25-29",42,22,41
"10/2011",1,"30-34",12,NA,12
"10/2011",1,"35-39",47,NA,NA
"10/2011",1,"40-44",127,NA,NA
"10/2011",1,"45-49",102,NA,NA
"11/2011",0,"0-4",NA,NA,NA
"11/2011",0,"5-9",NA,NA,NA
"11/2011",0,"10-14",12,NA,NA
"11/2011",0,"15-19",NA,NA,NA
"11/2011",0,"25-29",NA,NA,NA
"11/2011",0,"35-39",NA,NA,NA
"11/2011",0,"40-44",24,NA,NA
"11/2011",0,"45-49",33,NA,NA
"11/2011",1,"5-9",NA,NA,NA
"11/2011",1,"10-14",5494,5218,2393
"11/2011",1,"15-19",4457,5845,6090
"11/2011",1,"20-24",513,474,532
"11/2011",1,"25-29",41,24,34
"11/2011",1,"30-34",NA,NA,NA
"11/2011",1,"35-39",44,NA,NA
"11/2011",1,"40-44",107,NA,NA
"11/2011",1,"45-49",95,NA,NA
"12/2011",0,"5-9",NA,NA,NA
"12/2011",0,"10-14",NA,NA,NA
"12/2011",0,"15-19",16,NA,NA
"12/2011",0,"20-24",NA,NA,NA
"12/2011",0,"25-29",NA,NA,NA
"12/2011",0,"35-39",NA,NA,NA
"12/2011",0,"40-44",32,NA,NA
"12/2011",0,"45-49",33,NA,NA
"12/2011",1,"0-4",NA,NA,NA
"12/2011",1,"5-9",NA,NA,NA
"12/2011",1,"10-14",4407,4366,2332
"12/2011",1,"15-19",4182,5401,5947
"12/2011",1,"20-24",480,426,565
"12/2011",1,"25-29",35,32,29
"12/2011",1,"30-34",NA,NA,NA
"12/2011",1,"35-39",41,NA,NA
"12/2011",1,"40-44",99,NA,NA
"12/2011",1,"45-49",75,NA,NA
"01/2012",0,"5-9",NA,NA,NA
"01/2012",0,"10-14",13,NA,NA
"01/2012",0,"15-19",15,NA,NA
"01/2012",0,"20-24",NA,NA,NA
"01/2012",0,"30-34",NA,NA,NA
"01/2012",0,"35-39",NA,NA,NA
"01/2012",0,"40-44",28,NA,NA
"01/2012",0,"45-49",32,NA,NA
"01/2012",1,"0-4",NA,NA,NA
"01/2012",1,"5-9",NA,NA,NA
"01/2012",1,"10-14",4817,3828,2285
"01/2012",1,"15-19",4047,5082,5869
"01/2012",1,"20-24",493,438,521
"01/2012",1,"25-29",43,18,26
"01/2012",1,"30-34",19,NA,NA
"01/2012",1,"35-39",47,NA,NA
"01/2012",1,"40-44",109,NA,NA
"01/2012",1,"45-49",100,NA,NA
"02/2012",0,"5-9",NA,NA,NA
"02/2012",0,"10-14",NA,NA,NA
"02/2012",0,"15-19",12,NA,NA
"02/2012",0,"20-24",NA,NA,NA
"02/2012",0,"35-39",NA,NA,NA
"02/2012",0,"40-44",24,NA,NA
"02/2012",0,"45-49",20,NA,NA
"02/2012",1,"5-9",NA,NA,NA
"02/2012",1,"10-14",4401,3349,2146
"02/2012",1,"15-19",4000,4248,5186
"02/2012",1,"20-24",481,386,395
"02/2012",1,"25-29",46,30,17
"02/2012",1,"30-34",NA,NA,NA
"02/2012",1,"35-39",38,NA,NA
"02/2012",1,"40-44",91,NA,NA
"02/2012",1,"45-49",84,NA,NA
"03/2012",0,"0-4",NA,NA,NA
"03/2012",0,"5-9",NA,NA,NA
"03/2012",0,"10-14",12,NA,NA
"03/2012",0,"15-19",NA,NA,NA
"03/2012",0,"20-24",NA,NA,NA
"03/2012",0,"25-29",NA,NA,NA
"03/2012",0,"35-39",NA,NA,NA
"03/2012",0,"40-44",38,NA,NA
"03/2012",0,"45-49",24,NA,NA
"03/2012",0,NA,NA,NA,NA
"03/2012",1,"5-9",NA,NA,NA
"03/2012",1,"10-14",4706,3429,2641
"03/2012",1,"15-19",4241,4567,6138
"03/2012",1,"20-24",492,409,451
"03/2012",1,"25-29",36,27,22
"03/2012",1,"30-34",14,NA,NA
"03/2012",1,"35-39",50,NA,NA
"03/2012",1,"40-44",102,NA,NA
"03/2012",1,"45-49",68,NA,NA
"04/2012",0,"0-4",NA,NA,NA
"04/2012",0,"5-9",NA,NA,NA
"04/2012",0,"10-14",NA,NA,NA
"04/2012",0,"15-19",NA,NA,NA
"04/2012",0,"30-34",NA,NA,NA
"04/2012",0,"35-39",NA,NA,NA
"04/2012",0,"40-44",20,NA,NA
"04/2012",0,"45-49",21,NA,NA
"04/2012",1,"0-4",NA,NA,NA
"04/2012",1,"5-9",NA,NA,NA
"04/2012",1,"10-14",4405,3218,2456
"04/2012",1,"15-19",4123,4397,5743
"04/2012",1,"20-24",406,380,384
"04/2012",1,"25-29",36,24,26
"04/2012",1,"30-34",13,NA,NA
"04/2012",1,"35-39",50,NA,NA
"04/2012",1,"40-44",86,NA,NA
"04/2012",1,"45-49",95,NA,NA
"05/2012",0,"5-9",NA,NA,NA
"05/2012",0,"10-14",13,NA,NA
"05/2012",0,"15-19",NA,NA,NA
"05/2012",0,"35-39",NA,NA,NA
"05/2012",0,"40-44",25,NA,NA
"05/2012",0,"45-49",23,NA,NA
"05/2012",1,"0-4",NA,NA,NA
"05/2012",1,"5-9",NA,NA,NA
"05/2012",1,"10-14",4330,3152,2125
"05/2012",1,"15-19",3927,4370,5256
"05/2012",1,"20-24",366,354,343
"05/2012",1,"25-29",31,20,21
"05/2012",1,"30-34",NA,NA,NA
"05/2012",1,"35-39",28,NA,NA
"05/2012",1,"40-44",86,NA,NA
"05/2012",1,"45-49",79,NA,NA
"06/2012",0,"5-9",NA,NA,NA
"06/2012",0,"10-14",19,NA,NA
"06/2012",0,"15-19",NA,NA,NA
"06/2012",0,"30-34",NA,NA,NA
"06/2012",0,"35-39",NA,NA,NA
"06/2012",0,"40-44",20,NA,NA
"06/2012",0,"45-49",27,NA,NA
"06/2012",1,"0-4",NA,NA,NA
"06/2012",1,"5-9",13,NA,NA
"06/2012",1,"10-14",5448,3337,2120
"06/2012",1,"15-19",5120,4739,5800
"06/2012",1,"20-24",508,343,392
"06/2012",1,"25-29",29,26,22
"06/2012",1,"30-34",20,NA,NA
"06/2012",1,"35-39",44,NA,NA
"06/2012",1,"40-44",107,NA,NA
"06/2012",1,"45-49",82,NA,NA
"07/2012",0,"5-9",NA,NA,NA
"07/2012",0,"10-14",NA,NA,NA
"07/2012",0,"15-19",NA,NA,NA
"07/2012",0,"20-24",NA,NA,NA
"07/2012",0,"30-34",NA,NA,NA
"07/2012",0,"35-39",NA,NA,NA
"07/2012",0,"40-44",19,NA,NA
"07/2012",0,"45-49",35,NA,NA
"07/2012",1,"0-4",NA,NA,NA
"07/2012",1,"5-9",NA,NA,NA
"07/2012",1,"10-14",4155,2857,1579
"07/2012",1,"15-19",4728,4285,4746
"07/2012",1,"20-24",440,350,358
"07/2012",1,"25-29",31,24,14
"07/2012",1,"30-34",NA,NA,NA
"07/2012",1,"35-39",35,NA,NA
"07/2012",1,"40-44",93,NA,NA
"07/2012",1,"45-49",74,NA,NA
"08/2012",0,"0-4",NA,NA,NA
"08/2012",0,"5-9",NA,NA,NA
"08/2012",0,"10-14",21,NA,NA
"08/2012",0,"15-19",NA,NA,NA
"08/2012",0,"25-29",NA,NA,NA
"08/2012",0,"35-39",NA,NA,NA
"08/2012",0,"40-44",25,NA,NA
"08/2012",0,"45-49",29,NA,NA
"08/2012",1,"0-4",NA,NA,NA
"08/2012",1,"5-9",NA,NA,NA
"08/2012",1,"10-14",5328,3018,1565
"08/2012",1,"15-19",5129,4331,4197
"08/2012",1,"20-24",349,308,310
"08/2012",1,"25-29",29,28,26
"08/2012",1,"30-34",16,NA,NA
"08/2012",1,"35-39",45,NA,NA
"08/2012",1,"40-44",89,NA,NA
"08/2012",1,"45-49",85,NA,NA
"09/2012",0,"5-9",NA,NA,NA
"09/2012",0,"10-14",22,NA,NA
"09/2012",0,"15-19",NA,NA,NA
"09/2012",0,"25-29",NA,NA,NA
"09/2012",0,"30-34",NA,NA,NA
"09/2012",0,"35-39",NA,NA,NA
"09/2012",0,"40-44",24,NA,NA
"09/2012",0,"45-49",42,NA,NA
"09/2012",1,"0-4",NA,NA,NA
"09/2012",1,"5-9",14,NA,NA
"09/2012",1,"10-14",10076,4093,2106
"09/2012",1,"15-19",7894,6049,5843
"09/2012",1,"20-24",478,397,365
"09/2012",1,"25-29",29,24,27
"09/2012",1,"30-34",13,NA,NA
"09/2012",1,"35-39",57,NA,NA
"09/2012",1,"40-44",138,NA,NA
"09/2012",1,"45-49",130,NA,NA
"10/2012",0,"0-4",NA,NA,NA
"10/2012",0,"5-9",NA,NA,NA
"10/2012",0,"10-14",17,NA,NA
"10/2012",0,"15-19",NA,NA,NA
"10/2012",0,"20-24",NA,NA,NA
"10/2012",0,"30-34",NA,NA,NA
"10/2012",0,"35-39",NA,NA,NA
"10/2012",0,"40-44",21,NA,NA
"10/2012",0,"45-49",32,NA,NA
"10/2012",1,"0-4",NA,NA,NA
"10/2012",1,"5-9",NA,NA,NA
"10/2012",1,"10-14",8015,4373,1866
"10/2012",1,"15-19",7240,6129,5274
"10/2012",1,"20-24",495,330,325
"10/2012",1,"25-29",27,22,28
"10/2012",1,"30-34",17,NA,NA
"10/2012",1,"35-39",39,NA,NA
"10/2012",1,"40-44",116,NA,NA
"10/2012",1,"45-49",104,NA,NA
"11/2012",0,"0-4",NA,NA,NA
"11/2012",0,"5-9",NA,NA,NA
"11/2012",0,"10-14",15,NA,NA
"11/2012",0,"15-19",NA,NA,NA
"11/2012",0,"20-24",NA,NA,NA
"11/2012",0,"35-39",NA,NA,NA
"11/2012",0,"40-44",28,NA,NA
"11/2012",0,"45-49",31,NA,NA
"11/2012",1,"0-4",NA,NA,NA
"11/2012",1,"5-9",NA,NA,NA
"11/2012",1,"10-14",6208,5158,1722
"11/2012",1,"15-19",6295,6766,4673
"11/2012",1,"20-24",401,335,299
"11/2012",1,"25-29",39,30,20
"11/2012",1,"30-34",18,NA,NA
"11/2012",1,"35-39",27,NA,NA
"11/2012",1,"40-44",114,NA,NA
"11/2012",1,"45-49",89,NA,NA
"12/2012",0,"0-4",NA,NA,NA
"12/2012",0,"5-9",NA,NA,NA
"12/2012",0,"10-14",15,NA,NA
"12/2012",0,"15-19",NA,NA,NA
"12/2012",0,"20-24",NA,NA,NA
"12/2012",0,"25-29",NA,NA,NA
"12/2012",0,"30-34",NA,NA,NA
"12/2012",0,"35-39",NA,NA,NA
"12/2012",0,"40-44",17,NA,NA
"12/2012",0,"45-49",27,NA,NA
"12/2012",1,"5-9",NA,NA,NA
"12/2012",1,"10-14",4311,4161,1693
"12/2012",1,"15-19",4567,5524,4379
"12/2012",1,"20-24",347,335,276
"12/2012",1,"25-29",26,16,19
"12/2012",1,"30-34",15,NA,NA
"12/2012",1,"35-39",36,NA,NA
"12/2012",1,"40-44",88,NA,NA
"12/2012",1,"45-49",78,NA,NA
"01/2013",0,"0-4",NA,NA,NA
"01/2013",0,"5-9",NA,NA,NA
"01/2013",0,"10-14",NA,NA,NA
"01/2013",0,"15-19",NA,NA,NA
"01/2013",0,"20-24",NA,NA,NA
"01/2013",0,"30-34",NA,NA,NA
"01/2013",0,"35-39",NA,NA,NA
"01/2013",0,"40-44",36,NA,NA
"01/2013",0,"45-49",43,NA,NA
"01/2013",1,"0-4",NA,NA,NA
"01/2013",1,"5-9",NA,NA,NA
"01/2013",1,"10-14",5652,4447,2107
"01/2013",1,"15-19",5403,6514,5666
"01/2013",1,"20-24",345,306,306
"01/2013",1,"25-29",33,16,19
"01/2013",1,"30-34",NA,NA,NA
"01/2013",1,"35-39",42,NA,NA
"01/2013",1,"40-44",138,NA,NA
"01/2013",1,"45-49",112,NA,NA
"02/2013",0,"0-4",NA,NA,NA
"02/2013",0,"5-9",NA,NA,NA
"02/2013",0,"10-14",14,NA,NA
"02/2013",0,"15-19",NA,NA,NA
"02/2013",0,"35-39",NA,NA,NA
"02/2013",0,"40-44",15,NA,NA
"02/2013",0,"45-49",35,NA,NA
"02/2013",1,"0-4",NA,NA,NA
"02/2013",1,"5-9",NA,NA,NA
"02/2013",1,"10-14",5231,3261,1950
"02/2013",1,"15-19",4976,4821,4966
"02/2013",1,"20-24",365,262,251
"02/2013",1,"25-29",20,23,18
"02/2013",1,"30-34",17,NA,NA
"02/2013",1,"35-39",34,NA,NA
"02/2013",1,"40-44",105,NA,NA
"02/2013",1,"45-49",91,NA,NA
"03/2013",0,"0-4",NA,NA,NA
"03/2013",0,"5-9",NA,NA,NA
"03/2013",0,"10-14",12,NA,NA
"03/2013",0,"15-19",NA,NA,NA
"03/2013",0,"20-24",NA,NA,NA
"03/2013",0,"30-34",NA,NA,NA
"03/2013",0,"35-39",NA,NA,NA
"03/2013",0,"40-44",22,NA,NA
"03/2013",0,"45-49",32,NA,NA
"03/2013",1,"0-4",NA,NA,NA
"03/2013",1,"5-9",NA,NA,NA
"03/2013",1,"10-14",5327,3531,2532
"03/2013",1,"15-19",5355,5440,6307
"03/2013",1,"20-24",411,304,301
"03/2013",1,"25-29",27,25,19
"03/2013",1,"30-34",19,NA,NA
"03/2013",1,"35-39",41,NA,NA
"03/2013",1,"40-44",102,NA,NA
"03/2013",1,"45-49",95,NA,NA
"04/2013",0,"0-4",NA,NA,NA
"04/2013",0,"5-9",NA,NA,NA
"04/2013",0,"10-14",NA,NA,NA
"04/2013",0,"15-19",NA,NA,NA
"04/2013",0,"25-29",NA,NA,NA
"04/2013",0,"30-34",NA,NA,NA
"04/2013",0,"35-39",NA,NA,NA
"04/2013",0,"40-44",23,NA,NA
"04/2013",0,"45-49",41,NA,NA
"04/2013",1,"0-4",NA,NA,NA
"04/2013",1,"5-9",NA,NA,NA
"04/2013",1,"10-14",6952,3696,2509
"04/2013",1,"15-19",6094,5468,6379
"04/2013",1,"20-24",391,307,308
"04/2013",1,"25-29",25,22,15
"04/2013",1,"30-34",18,NA,NA
"04/2013",1,"35-39",46,NA,NA
"04/2013",1,"40-44",103,NA,NA
"04/2013",1,"45-49",113,13,NA
"05/2013",0,"5-9",NA,NA,NA
"05/2013",0,"10-14",18,NA,NA
"05/2013",0,"15-19",NA,NA,NA
"05/2013",0,"20-24",NA,NA,NA
"05/2013",0,"25-29",NA,NA,NA
"05/2013",0,"35-39",NA,NA,NA
"05/2013",0,"40-44",21,NA,NA
"05/2013",0,"45-49",30,NA,NA
"05/2013",1,"0-4",NA,NA,NA
"05/2013",1,"5-9",NA,NA,NA
"05/2013",1,"10-14",8766,3849,2231
"05/2013",1,"15-19",5382,5469,6318
"05/2013",1,"20-24",286,323,294
"05/2013",1,"25-29",25,17,26
"05/2013",1,"30-34",19,NA,NA
"05/2013",1,"35-39",54,NA,NA
"05/2013",1,"40-44",132,NA,NA
"05/2013",1,"45-49",93,NA,NA
"06/2013",0,"0-4",NA,NA,NA
"06/2013",0,"5-9",NA,NA,NA
"06/2013",0,"10-14",27,NA,NA
"06/2013",0,"15-19",16,NA,NA
"06/2013",0,"20-24",NA,NA,NA
"06/2013",0,"25-29",NA,NA,NA
"06/2013",0,"35-39",NA,NA,NA
"06/2013",0,"40-44",15,NA,NA
"06/2013",0,"45-49",39,NA,NA
"06/2013",1,"0-4",NA,NA,NA
"06/2013",1,"5-9",23,NA,NA
"06/2013",1,"10-14",12472,4463,2001
"06/2013",1,"15-19",6540,5621,5984
"06/2013",1,"20-24",289,277,259
"06/2013",1,"25-29",26,15,22
"06/2013",1,"30-34",22,NA,NA
"06/2013",1,"35-39",60,NA,NA
"06/2013",1,"40-44",141,NA,NA
"06/2013",1,"45-49",123,NA,NA
"07/2013",0,"0-4",NA,NA,NA
"07/2013",0,"5-9",NA,NA,NA
"07/2013",0,"10-14",23,NA,NA
"07/2013",0,"15-19",13,NA,NA
"07/2013",0,"20-24",NA,NA,NA
"07/2013",0,"25-29",NA,NA,NA
"07/2013",0,"35-39",NA,NA,NA
"07/2013",0,"40-44",34,NA,NA
"07/2013",0,"45-49",31,NA,NA
"07/2013",1,"0-4",NA,NA,NA
"07/2013",1,"5-9",NA,NA,NA
"07/2013",1,"10-14",10537,5105,1906
"07/2013",1,"15-19",6608,5756,5519
"07/2013",1,"20-24",302,253,256
"07/2013",1,"25-29",36,14,21
"07/2013",1,"30-34",17,NA,NA
"07/2013",1,"35-39",44,NA,NA
"07/2013",1,"40-44",120,NA,NA
"07/2013",1,"45-49",144,NA,NA
"08/2013",0,"5-9",NA,NA,NA
"08/2013",0,"10-14",30,NA,NA
"08/2013",0,"15-19",20,NA,NA
"08/2013",0,"20-24",NA,NA,NA
"08/2013",0,"25-29",NA,NA,NA
"08/2013",0,"30-34",NA,NA,NA
"08/2013",0,"35-39",NA,NA,NA
"08/2013",0,"40-44",35,NA,NA
"08/2013",0,"45-49",35,NA,NA
"08/2013",1,"0-4",NA,NA,NA
"08/2013",1,"5-9",12,NA,NA
"08/2013",1,"10-14",13745,6332,1953
"08/2013",1,"15-19",7023,5746,4655
"08/2013",1,"20-24",236,212,216
"08/2013",1,"25-29",23,20,13
"08/2013",1,"30-34",14,NA,NA
"08/2013",1,"35-39",66,NA,NA
"08/2013",1,"40-44",138,NA,NA
"08/2013",1,"45-49",105,NA,NA
"09/2013",0,"0-4",NA,NA,NA
"09/2013",0,"5-9",NA,NA,NA
"09/2013",0,"10-14",49,NA,NA
"09/2013",0,"15-19",22,NA,NA
"09/2013",0,"20-24",NA,NA,NA
"09/2013",0,"25-29",NA,NA,NA
"09/2013",0,"30-34",NA,NA,NA
"09/2013",0,"35-39",13,NA,NA
"09/2013",0,"40-44",33,NA,NA
"09/2013",0,"45-49",58,NA,NA
"09/2013",1,"0-4",NA,NA,NA
"09/2013",1,"5-9",31,NA,NA
"09/2013",1,"10-14",29178,9822,2886
"09/2013",1,"15-19",10918,8140,6914
"09/2013",1,"20-24",283,261,339
"09/2013",1,"25-29",38,25,20
"09/2013",1,"30-34",32,NA,NA
"09/2013",1,"35-39",127,NA,NA
"09/2013",1,"40-44",244,NA,NA
"09/2013",1,"45-49",187,NA,NA
"10/2013",0,"0-4",NA,NA,NA
"10/2013",0,"5-9",NA,NA,NA
"10/2013",0,"10-14",48,18,NA
"10/2013",0,"15-19",25,NA,NA
"10/2013",0,"20-24",NA,NA,NA
"10/2013",0,"30-34",NA,NA,NA
"10/2013",0,"35-39",NA,NA,NA
"10/2013",0,"40-44",43,NA,NA
"10/2013",0,"45-49",50,NA,NA
"10/2013",1,"0-4",NA,NA,NA
"10/2013",1,"5-9",24,NA,NA
"10/2013",1,"10-14",24765,12837,3198
"10/2013",1,"15-19",10927,9038,6883
"10/2013",1,"20-24",321,256,286
"10/2013",1,"25-29",29,19,17
"10/2013",1,"30-34",34,NA,NA
"10/2013",1,"35-39",82,NA,NA
"10/2013",1,"40-44",221,NA,NA
"10/2013",1,"45-49",162,NA,NA
"11/2013",0,"0-4",NA,NA,NA
"11/2013",0,"5-9",NA,NA,NA
"11/2013",0,"10-14",30,15,NA
"11/2013",0,"15-19",16,13,NA
"11/2013",0,"20-24",NA,NA,NA
"11/2013",0,"30-34",NA,NA,NA
"11/2013",0,"35-39",12,NA,NA
"11/2013",0,"40-44",34,NA,NA
"11/2013",0,"45-49",41,NA,NA
"11/2013",1,"0-4",NA,NA,NA
"11/2013",1,"5-9",18,NA,NA
"11/2013",1,"10-14",13698,13219,3357
"11/2013",1,"15-19",6599,8102,5286
"11/2013",1,"20-24",226,224,191
"11/2013",1,"25-29",38,17,16
"11/2013",1,"30-34",32,NA,NA
"11/2013",1,"35-39",81,NA,NA
"11/2013",1,"40-44",182,NA,NA
"11/2013",1,"45-49",140,NA,NA
"12/2013",0,"0-4",NA,NA,NA
"12/2013",0,"5-9",NA,NA,NA
"12/2013",0,"10-14",14,NA,NA
"12/2013",0,"15-19",15,NA,NA
"12/2013",0,"20-24",NA,NA,NA
"12/2013",0,"30-34",NA,NA,NA
"12/2013",0,"35-39",NA,NA,NA
"12/2013",0,"40-44",24,NA,NA
"12/2013",0,"45-49",30,NA,NA
"12/2013",1,"0-4",NA,NA,NA
"12/2013",1,"5-9",12,NA,NA
"12/2013",1,"10-14",6495,10419,3752
"12/2013",1,"15-19",3119,6329,4930
"12/2013",1,"20-24",100,161,185
"12/2013",1,"25-29",13,18,NA
"12/2013",1,"30-34",17,NA,NA
"12/2013",1,"35-39",43,NA,NA
"12/2013",1,"40-44",99,NA,NA
"12/2013",1,"45-49",109,NA,NA
"01/2014",0,"0-4",NA,NA,NA
"01/2014",0,"5-9",NA,NA,NA
"01/2014",0,"10-14",21,NA,NA
"01/2014",0,"15-19",NA,NA,NA
"01/2014",0,"35-39",NA,NA,NA
"01/2014",0,"40-44",48,NA,NA
"01/2014",0,"45-49",37,NA,NA
"01/2014",1,"0-4",NA,NA,NA
"01/2014",1,"5-9",NA,NA,NA
"01/2014",1,"10-14",8015,9241,5337
"01/2014",1,"15-19",3850,6053,6372
"01/2014",1,"20-24",132,139,197
"01/2014",1,"25-29",26,19,15
"01/2014",1,"30-34",20,NA,NA
"01/2014",1,"35-39",74,NA,NA
"01/2014",1,"40-44",168,NA,NA
"01/2014",1,"45-49",136,NA,NA
"02/2014",0,"0-4",NA,NA,NA
"02/2014",0,"5-9",NA,NA,NA
"02/2014",0,"10-14",30,NA,NA
"02/2014",0,"15-19",13,NA,NA
"02/2014",0,"20-24",NA,NA,NA
"02/2014",0,"25-29",NA,NA,NA
"02/2014",0,"35-39",NA,NA,NA
"02/2014",0,"40-44",30,NA,NA
"02/2014",0,"45-49",25,NA,NA
"02/2014",1,"0-4",NA,NA,NA
"02/2014",1,"5-9",NA,NA,NA
"02/2014",1,"10-14",8071,5644,5423
"02/2014",1,"15-19",3972,3762,5813
"02/2014",1,"20-24",114,111,148
"02/2014",1,"25-29",19,12,14
"02/2014",1,"30-34",19,NA,NA
"02/2014",1,"35-39",50,NA,NA
"02/2014",1,"40-44",126,NA,NA
"02/2014",1,"45-49",89,NA,NA
"03/2014",0,"0-4",NA,NA,NA
"03/2014",0,"5-9",NA,NA,NA
"03/2014",0,"10-14",NA,NA,NA
"03/2014",0,"15-19",NA,NA,NA
"03/2014",0,"20-24",NA,NA,NA
"03/2014",0,"25-29",NA,NA,NA
"03/2014",0,"35-39",NA,NA,NA
"03/2014",0,"40-44",36,NA,NA
"03/2014",0,"45-49",36,NA,NA
"03/2014",1,"0-4",NA,NA,NA
"03/2014",1,"5-9",12,NA,NA
"03/2014",1,"10-14",7961,6162,7620
"03/2014",1,"15-19",4253,4329,7298
"03/2014",1,"20-24",142,137,176
"03/2014",1,"25-29",25,15,20
"03/2014",1,"30-34",13,NA,NA
"03/2014",1,"35-39",68,NA,NA
"03/2014",1,"40-44",137,NA,NA
"03/2014",1,"45-49",115,NA,NA
"04/2014",0,"0-4",NA,NA,NA
"04/2014",0,"5-9",NA,NA,NA
"04/2014",0,"10-14",12,NA,NA
"04/2014",0,"15-19",12,NA,NA
"04/2014",0,"25-29",NA,NA,NA
"04/2014",0,"35-39",12,NA,NA
"04/2014",0,"40-44",24,NA,NA
"04/2014",0,"45-49",45,NA,NA
"04/2014",1,"0-4",NA,NA,NA
"04/2014",1,"5-9",20,NA,NA
"04/2014",1,"10-14",6574,5401,7684
"04/2014",1,"15-19",3296,3804,7013
"04/2014",1,"20-24",97,82,171
"04/2014",1,"25-29",21,NA,19
"04/2014",1,"30-34",NA,NA,NA
"04/2014",1,"35-39",59,NA,NA
"04/2014",1,"40-44",118,NA,NA
"04/2014",1,"45-49",103,NA,NA
"05/2014",0,"0-4",NA,NA,NA
"05/2014",0,"5-9",NA,NA,NA
"05/2014",0,"10-14",17,NA,NA
"05/2014",0,"15-19",NA,NA,NA
"05/2014",0,"30-34",NA,NA,NA
"05/2014",0,"35-39",NA,NA,NA
"05/2014",0,"40-44",17,NA,NA
"05/2014",0,"45-49",36,NA,NA
"05/2014",1,"0-4",NA,NA,NA
"05/2014",1,"5-9",NA,NA,NA
"05/2014",1,"10-14",6442,5042,6034
"05/2014",1,"15-19",2976,3638,5719
"05/2014",1,"20-24",96,104,130
"05/2014",1,"25-29",20,NA,NA
"05/2014",1,"30-34",14,NA,NA
"05/2014",1,"35-39",35,NA,NA
"05/2014",1,"40-44",92,NA,NA
"05/2014",1,"45-49",86,NA,NA
"06/2014",0,"0-4",NA,NA,NA
"06/2014",0,"5-9",NA,NA,NA
"06/2014",0,"10-14",13,NA,NA
"06/2014",0,"15-19",NA,NA,NA
"06/2014",0,"25-29",NA,NA,NA
"06/2014",0,"30-34",NA,NA,NA
"06/2014",0,"35-39",NA,NA,NA
"06/2014",0,"40-44",18,NA,NA
"06/2014",0,"45-49",31,NA,NA
"06/2014",1,"0-4",NA,NA,NA
"06/2014",1,"5-9",14,NA,NA
"06/2014",1,"10-14",8364,4368,4813
"06/2014",1,"15-19",3589,3487,4910
"06/2014",1,"20-24",89,75,123
"06/2014",1,"25-29",15,13,NA
"06/2014",1,"30-34",18,NA,NA
"06/2014",1,"35-39",56,NA,NA
"06/2014",1,"40-44",104,NA,NA
"06/2014",1,"45-49",89,NA,NA
"07/2014",0,"0-4",NA,NA,NA
"07/2014",0,"5-9",NA,NA,NA
"07/2014",0,"10-14",20,NA,NA
"07/2014",0,"15-19",12,NA,NA
"07/2014",0,"35-39",NA,NA,NA
"07/2014",0,"40-44",19,NA,NA
"07/2014",0,"45-49",21,NA,NA
"07/2014",1,"0-4",NA,NA,NA
"07/2014",1,"5-9",19,NA,NA
"07/2014",1,"10-14",6949,3560,3475
"07/2014",1,"15-19",3844,3360,4207
"07/2014",1,"20-24",94,81,130
"07/2014",1,"25-29",NA,NA,NA
"07/2014",1,"30-34",13,NA,NA
"07/2014",1,"35-39",38,NA,NA
"07/2014",1,"40-44",87,NA,NA
"07/2014",1,"45-49",64,NA,NA
"08/2014",0,"5-9",NA,NA,NA
"08/2014",0,"10-14",13,NA,NA
"08/2014",0,"15-19",NA,NA,NA
"08/2014",0,"30-34",NA,NA,NA
"08/2014",0,"35-39",NA,NA,NA
"08/2014",0,"40-44",22,NA,NA
"08/2014",0,"45-49",26,NA,NA
"08/2014",1,"0-4",NA,NA,NA
"08/2014",1,"5-9",16,NA,NA
"08/2014",1,"10-14",8773,3566,2894
"08/2014",1,"15-19",3984,3142,3402
"08/2014",1,"20-24",82,64,78
"08/2014",1,"25-29",20,NA,NA
"08/2014",1,"30-34",12,NA,NA
"08/2014",1,"35-39",34,NA,NA
"08/2014",1,"40-44",75,NA,NA
"08/2014",1,"45-49",73,NA,NA
"09/2014",0,"0-4",NA,NA,NA
"09/2014",0,"5-9",NA,NA,NA
"09/2014",0,"10-14",36,NA,NA
"09/2014",0,"15-19",13,NA,NA
"09/2014",0,"20-24",NA,NA,NA
"09/2014",0,"25-29",NA,NA,NA
"09/2014",0,"30-34",NA,NA,NA
"09/2014",0,"35-39",NA,NA,NA
"09/2014",0,"40-44",34,NA,NA
"09/2014",0,"45-49",31,NA,NA
"09/2014",1,"0-4",NA,NA,NA
"09/2014",1,"5-9",40,NA,NA
"09/2014",1,"10-14",18542,5762,4208
"09/2014",1,"15-19",6383,4612,4775
"09/2014",1,"20-24",109,98,107
"09/2014",1,"25-29",22,NA,14
"09/2014",1,"30-34",25,NA,NA
"09/2014",1,"35-39",66,NA,NA
"09/2014",1,"40-44",145,NA,NA
"09/2014",1,"45-49",126,NA,NA
"10/2014",0,"0-4",NA,NA,NA
"10/2014",0,"5-9",NA,NA,NA
"10/2014",0,"10-14",45,NA,NA
"10/2014",0,"15-19",17,NA,NA
"10/2014",0,"20-24",NA,NA,NA
"10/2014",0,"25-29",NA,NA,NA
"10/2014",0,"35-39",NA,NA,NA
"10/2014",0,"40-44",22,NA,NA
"10/2014",0,"45-49",33,NA,NA
"10/2014",1,"0-4",NA,NA,NA
"10/2014",1,"5-9",40,NA,NA
"10/2014",1,"10-14",16703,6343,3118
"10/2014",1,"15-19",7031,5265,4201
"10/2014",1,"20-24",108,89,102
"10/2014",1,"25-29",22,NA,NA
"10/2014",1,"30-34",26,NA,NA
"10/2014",1,"35-39",69,NA,NA
"10/2014",1,"40-44",134,NA,NA
"10/2014",1,"45-49",119,NA,NA
"11/2014",0,"0-4",NA,NA,NA
"11/2014",0,"5-9",NA,NA,NA
"11/2014",0,"10-14",15,NA,NA
"11/2014",0,"15-19",14,NA,NA
"11/2014",0,"20-24",NA,NA,NA
"11/2014",0,"35-39",NA,NA,NA
"11/2014",0,"40-44",29,NA,NA
"11/2014",0,"45-49",20,NA,NA
"11/2014",1,"0-4",NA,NA,NA
"11/2014",1,"5-9",27,NA,NA
"11/2014",1,"10-14",9974,5590,2103
"11/2014",1,"15-19",4532,4594,2941
"11/2014",1,"20-24",95,80,86
"11/2014",1,"25-29",22,NA,NA
"11/2014",1,"30-34",18,NA,NA
"11/2014",1,"35-39",44,NA,NA
"11/2014",1,"40-44",104,NA,NA
"11/2014",1,"45-49",74,NA,NA
"12/2014",0,"0-4",NA,NA,NA
"12/2014",0,"5-9",NA,NA,NA
"12/2014",0,"10-14",16,NA,NA
"12/2014",0,"15-19",NA,NA,NA
"12/2014",0,"35-39",NA,NA,NA
"12/2014",0,"40-44",27,NA,NA
"12/2014",0,"45-49",23,NA,NA
"12/2014",1,"0-4",NA,NA,NA
"12/2014",1,"5-9",22,NA,NA
"12/2014",1,"10-14",7945,5729,1982
"12/2014",1,"15-19",4015,4845,3017
"12/2014",1,"20-24",88,81,80
"12/2014",1,"25-29",21,16,NA
"12/2014",1,"30-34",15,NA,NA
"12/2014",1,"35-39",51,NA,NA
"12/2014",1,"40-44",91,NA,NA
"12/2014",1,"45-49",89,NA,NA
"01/2015",0,"0-4",NA,NA,NA
"01/2015",0,"5-9",NA,NA,NA
"01/2015",0,"10-14",24,NA,NA
"01/2015",0,"15-19",14,NA,NA
"01/2015",0,"20-24",NA,NA,NA
"01/2015",0,"25-29",NA,NA,NA
"01/2015",0,"30-34",NA,NA,NA
"01/2015",0,"35-39",NA,NA,NA
"01/2015",0,"40-44",28,NA,NA
"01/2015",0,"45-49",29,NA,NA
"01/2015",1,"0-4",NA,NA,NA
"01/2015",1,"5-9",32,NA,NA
"01/2015",1,"10-14",9040,5987,2092
"01/2015",1,"15-19",4250,4612,3583
"01/2015",1,"20-24",104,92,95
"01/2015",1,"25-29",17,13,NA
"01/2015",1,"30-34",15,NA,NA
"01/2015",1,"35-39",48,NA,NA
"01/2015",1,"40-44",129,NA,NA
"01/2015",1,"45-49",89,NA,NA
"02/2015",0,"5-9",NA,NA,NA
"02/2015",0,"10-14",16,NA,NA
"02/2015",0,"15-19",NA,NA,NA
"02/2015",0,"20-24",NA,NA,NA
"02/2015",0,"25-29",NA,NA,NA
"02/2015",0,"30-34",NA,NA,NA
"02/2015",0,"35-39",NA,NA,NA
"02/2015",0,"40-44",21,NA,NA
"02/2015",0,"45-49",26,NA,NA
"02/2015",1,"0-4",NA,NA,NA
"02/2015",1,"5-9",19,NA,NA
"02/2015",1,"10-14",8427,5288,1959
"02/2015",1,"15-19",4116,3970,3417
"02/2015",1,"20-24",116,80,81
"02/2015",1,"25-29",NA,NA,NA
"02/2015",1,"30-34",17,NA,NA
"02/2015",1,"35-39",44,NA,NA
"02/2015",1,"40-44",103,NA,NA
"02/2015",1,"45-49",74,NA,NA
"03/2015",0,"0-4",NA,NA,NA
"03/2015",0,"5-9",NA,NA,NA
"03/2015",0,"10-14",18,NA,NA
"03/2015",0,"15-19",NA,NA,NA
"03/2015",0,"20-24",NA,NA,NA
"03/2015",0,"35-39",NA,NA,NA
"03/2015",0,"40-44",26,NA,NA
"03/2015",0,"45-49",29,NA,NA
"03/2015",1,"5-9",25,NA,NA
"03/2015",1,"10-14",8501,6559,2410
"03/2015",1,"15-19",4149,4361,4050
"03/2015",1,"20-24",107,74,86
"03/2015",1,"25-29",19,14,NA
"03/2015",1,"30-34",16,NA,NA
"03/2015",1,"35-39",41,NA,NA
"03/2015",1,"40-44",103,NA,NA
"03/2015",1,"45-49",90,NA,NA
"04/2015",0,"0-4",NA,NA,NA
"04/2015",0,"5-9",NA,NA,NA
"04/2015",0,"10-14",15,NA,NA
"04/2015",0,"15-19",13,NA,NA
"04/2015",0,"30-34",NA,NA,NA
"04/2015",0,"35-39",NA,NA,NA
"04/2015",0,"40-44",28,NA,NA
"04/2015",0,"45-49",26,NA,NA
"04/2015",1,"0-4",NA,NA,NA
"04/2015",1,"5-9",36,NA,NA
"04/2015",1,"10-14",8320,7223,2375
"04/2015",1,"15-19",4156,4362,4652
"04/2015",1,"20-24",79,76,66
"04/2015",1,"25-29",15,12,13
"04/2015",1,"30-34",14,NA,NA
"04/2015",1,"35-39",46,NA,NA
"04/2015",1,"40-44",115,NA,NA
"04/2015",1,"45-49",101,NA,NA
"05/2015",0,"0-4",NA,NA,NA
"05/2015",0,"5-9",NA,NA,NA
"05/2015",0,"10-14",14,NA,NA
"05/2015",0,"15-19",NA,NA,NA
"05/2015",0,"30-34",NA,NA,NA
"05/2015",0,"35-39",NA,NA,NA
"05/2015",0,"40-44",19,NA,NA
"05/2015",0,"45-49",16,NA,NA
"05/2015",1,"0-4",NA,NA,NA
"05/2015",1,"5-9",14,NA,NA
"05/2015",1,"10-14",7009,5933,1852
"05/2015",1,"15-19",3529,3993,3691
"05/2015",1,"20-24",89,91,76
"05/2015",1,"25-29",15,NA,NA
"05/2015",1,"30-34",NA,NA,NA
"05/2015",1,"35-39",44,NA,NA
"05/2015",1,"40-44",98,NA,NA
"05/2015",1,"45-49",74,NA,NA
"06/2015",0,"5-9",NA,NA,NA
"06/2015",0,"10-14",23,NA,NA
"06/2015",0,"15-19",NA,NA,NA
"06/2015",0,"20-24",NA,NA,NA
"06/2015",0,"30-34",NA,NA,NA
"06/2015",0,"35-39",NA,NA,NA
"06/2015",0,"40-44",19,NA,NA
"06/2015",0,"45-49",35,NA,NA
"06/2015",1,"0-4",NA,NA,NA
"06/2015",1,"5-9",43,NA,NA
"06/2015",1,"10-14",10367,6880,1940
"06/2015",1,"15-19",4572,4443,4087
"06/2015",1,"20-24",95,87,98
"06/2015",1,"25-29",19,14,13
"06/2015",1,"30-34",19,NA,NA
"06/2015",1,"35-39",46,NA,NA
"06/2015",1,"40-44",122,NA,NA
"06/2015",1,"45-49",107,NA,NA
"07/2015",0,"5-9",NA,NA,NA
"07/2015",0,"10-14",22,NA,NA
"07/2015",0,"15-19",13,NA,NA
"07/2015",0,"20-24",NA,NA,NA
"07/2015",0,"25-29",NA,NA,NA
"07/2015",0,"30-34",NA,NA,NA
"07/2015",0,"35-39",NA,NA,NA
"07/2015",0,"40-44",13,NA,NA
"07/2015",0,"45-49",14,NA,NA
"07/2015",1,"0-4",NA,NA,NA
"07/2015",1,"5-9",23,NA,NA
"07/2015",1,"10-14",7308,4618,1355
"07/2015",1,"15-19",3890,3855,3412
"07/2015",1,"20-24",81,70,83
"07/2015",1,"25-29",15,NA,12
"07/2015",1,"30-34",12,NA,NA
"07/2015",1,"35-39",42,NA,NA
"07/2015",1,"40-44",76,NA,NA
"07/2015",1,"45-49",98,NA,NA
"08/2015",0,"0-4",NA,NA,NA
"08/2015",0,"5-9",NA,NA,NA
"08/2015",0,"10-14",16,NA,NA
"08/2015",0,"15-19",NA,NA,NA
"08/2015",0,"25-29",NA,NA,NA
"08/2015",0,"30-34",NA,NA,NA
"08/2015",0,"35-39",NA,NA,NA
"08/2015",0,"40-44",17,NA,NA
"08/2015",0,"45-49",28,NA,NA
"08/2015",1,"5-9",27,NA,NA
"08/2015",1,"10-14",9662,5400,1395
"08/2015",1,"15-19",4296,3849,3294
"08/2015",1,"20-24",70,58,66
"08/2015",1,"25-29",12,NA,NA
"08/2015",1,"30-34",NA,NA,NA
"08/2015",1,"35-39",38,NA,NA
"08/2015",1,"40-44",81,NA,NA
"08/2015",1,"45-49",76,NA,NA
"09/2015",0,"0-4",NA,NA,NA
"09/2015",0,"5-9",NA,NA,NA
"09/2015",0,"10-14",32,13,NA
"09/2015",0,"15-19",NA,NA,NA
"09/2015",0,"20-24",NA,NA,NA
"09/2015",0,"25-29",NA,NA,NA
"09/2015",0,"30-34",NA,NA,NA
"09/2015",0,"35-39",NA,NA,NA
"09/2015",0,"40-44",34,NA,NA
"09/2015",0,"45-49",32,NA,NA
"09/2015",1,"0-4",NA,NA,NA
"09/2015",1,"5-9",68,NA,NA
"09/2015",1,"10-14",18750,8556,2141
"09/2015",1,"15-19",6568,5201,4425
"09/2015",1,"20-24",106,72,100
"09/2015",1,"25-29",27,12,12
"09/2015",1,"30-34",22,NA,NA
"09/2015",1,"35-39",76,NA,NA
"09/2015",1,"40-44",140,NA,NA
"09/2015",1,"45-49",116,NA,NA
"10/2015",0,"0-4",NA,NA,NA
"10/2015",0,"5-9",NA,NA,NA
"10/2015",0,"10-14",34,NA,NA
"10/2015",0,"15-19",19,NA,NA
"10/2015",0,"25-29",NA,NA,NA
"10/2015",0,"30-34",NA,NA,NA
"10/2015",0,"35-39",NA,NA,NA
"10/2015",0,"40-44",20,NA,NA
"10/2015",0,"45-49",31,NA,NA
"10/2015",1,"0-4",NA,NA,NA
"10/2015",1,"5-9",45,NA,NA
"10/2015",1,"10-14",13861,7655,1702
"10/2015",1,"15-19",6208,5332,3989
"10/2015",1,"20-24",78,76,75
"10/2015",1,"25-29",14,NA,NA
"10/2015",1,"30-34",16,NA,NA
"10/2015",1,"35-39",46,NA,NA
"10/2015",1,"40-44",99,NA,NA
"10/2015",1,"45-49",105,NA,NA
"11/2015",0,"5-9",NA,NA,NA
"11/2015",0,"10-14",17,NA,NA
"11/2015",0,"15-19",NA,NA,NA
"11/2015",0,"20-24",NA,NA,NA
"11/2015",0,"30-34",NA,NA,NA
"11/2015",0,"35-39",NA,NA,NA
"11/2015",0,"40-44",19,NA,NA
"11/2015",0,"45-49",17,NA,NA
"11/2015",1,"0-4",NA,NA,NA
"11/2015",1,"5-9",31,NA,NA
"11/2015",1,"10-14",8645,6181,1364
"11/2015",1,"15-19",4082,4622,2993
"11/2015",1,"20-24",84,71,77
"11/2015",1,"25-29",NA,NA,NA
"11/2015",1,"30-34",NA,NA,NA
"11/2015",1,"35-39",38,NA,NA
"11/2015",1,"40-44",85,NA,NA
"11/2015",1,"45-49",93,NA,NA
"12/2015",0,"0-4",NA,NA,NA
"12/2015",0,"5-9",NA,NA,NA
"12/2015",0,"10-14",17,NA,NA
"12/2015",0,"15-19",NA,NA,NA
"12/2015",0,"20-24",NA,NA,NA
"12/2015",0,"30-34",NA,NA,NA
"12/2015",0,"35-39",NA,NA,NA
"12/2015",0,"40-44",18,NA,NA
"12/2015",0,"45-49",20,NA,NA
"12/2015",1,"0-4",NA,NA,NA
"12/2015",1,"5-9",26,NA,NA
"12/2015",1,"10-14",7488,6627,1441
"12/2015",1,"15-19",3909,4783,3413
"12/2015",1,"20-24",83,74,80
"12/2015",1,"25-29",16,NA,12
"12/2015",1,"30-34",NA,NA,NA
"12/2015",1,"35-39",40,NA,NA
"12/2015",1,"40-44",94,NA,NA
"12/2015",1,"45-49",57,NA,NA
"01/2016",0,"0-4",NA,NA,NA
"01/2016",0,"5-9",NA,NA,NA
"01/2016",0,"10-14",20,NA,NA
"01/2016",0,"15-19",NA,NA,NA
"01/2016",0,"20-24",NA,NA,NA
"01/2016",0,"25-29",NA,NA,NA
"01/2016",0,"35-39",NA,NA,NA
"01/2016",0,"40-44",25,NA,NA
"01/2016",0,"45-49",19,NA,NA
"01/2016",1,"0-4",NA,NA,NA
"01/2016",1,"5-9",23,NA,NA
"01/2016",1,"10-14",7966,6373,1448
"01/2016",1,"15-19",3900,4413,3579
"01/2016",1,"20-24",93,76,71
"01/2016",1,"25-29",NA,NA,NA
"01/2016",1,"30-34",17,NA,NA
"01/2016",1,"35-39",64,NA,NA
"01/2016",1,"40-44",94,NA,NA
"01/2016",1,"45-49",75,NA,NA
"02/2016",0,"0-4",NA,NA,NA
"02/2016",0,"5-9",NA,NA,NA
"02/2016",0,"10-14",18,NA,NA
"02/2016",0,"15-19",NA,NA,NA
"02/2016",0,"20-24",NA,NA,NA
"02/2016",0,"25-29",NA,NA,NA
"02/2016",0,"30-34",NA,NA,NA
"02/2016",0,"35-39",NA,NA,NA
"02/2016",0,"40-44",33,NA,NA
"02/2016",0,"45-49",20,NA,NA
"02/2016",1,"0-4",NA,NA,NA
"02/2016",1,"5-9",39,NA,NA
"02/2016",1,"10-14",8535,6439,1494
"02/2016",1,"15-19",4463,4146,3708
"02/2016",1,"20-24",84,77,74
"02/2016",1,"25-29",16,NA,NA
"02/2016",1,"30-34",12,NA,NA
"02/2016",1,"35-39",37,NA,NA
"02/2016",1,"40-44",102,NA,NA
"02/2016",1,"45-49",89,NA,NA
"03/2016",0,"0-4",NA,NA,NA
"03/2016",0,"5-9",NA,NA,NA
"03/2016",0,"10-14",14,NA,NA
"03/2016",0,"15-19",NA,NA,NA
"03/2016",0,"25-29",NA,NA,NA
"03/2016",0,"30-34",NA,NA,NA
"03/2016",0,"35-39",NA,NA,NA
"03/2016",0,"40-44",15,NA,NA
"03/2016",0,"45-49",25,NA,NA
"03/2016",1,"0-4",NA,NA,NA
"03/2016",1,"5-9",35,NA,NA
"03/2016",1,"10-14",8460,7146,1777
"03/2016",1,"15-19",3986,4210,3988
"03/2016",1,"20-24",111,92,69
"03/2016",1,"25-29",23,12,NA
"03/2016",1,"30-34",18,NA,NA
"03/2016",1,"35-39",43,NA,NA
"03/2016",1,"40-44",82,NA,NA
"03/2016",1,"45-49",82,NA,NA
"04/2016",0,"0-4",NA,NA,NA
"04/2016",0,"5-9",NA,NA,NA
"04/2016",0,"10-14",13,NA,NA
"04/2016",0,"15-19",NA,NA,NA
"04/2016",0,"20-24",NA,NA,NA
"04/2016",0,"25-29",NA,NA,NA
"04/2016",0,"30-34",NA,NA,NA
"04/2016",0,"35-39",NA,NA,NA
"04/2016",0,"40-44",22,NA,NA
"04/2016",0,"45-49",23,NA,NA
"04/2016",1,"0-4",NA,NA,NA
"04/2016",1,"5-9",25,NA,NA
"04/2016",1,"10-14",7941,7110,1776
"04/2016",1,"15-19",4183,4453,4467
"04/2016",1,"20-24",99,86,87
"04/2016",1,"25-29",19,NA,NA
"04/2016",1,"30-34",15,NA,NA
"04/2016",1,"35-39",29,NA,NA
"04/2016",1,"40-44",95,NA,NA
"04/2016",1,"45-49",88,NA,NA
"05/2016",0,"0-4",NA,NA,NA
"05/2016",0,"5-9",NA,NA,NA
"05/2016",0,"10-14",19,NA,NA
"05/2016",0,"15-19",13,NA,NA
"05/2016",0,"20-24",NA,NA,NA
"05/2016",0,"25-29",NA,NA,NA
"05/2016",0,"30-34",NA,NA,NA
"05/2016",0,"35-39",NA,NA,NA
"05/2016",0,"40-44",NA,NA,NA
"05/2016",0,"45-49",21,NA,NA
"05/2016",1,"5-9",35,NA,NA
"05/2016",1,"10-14",7600,6162,1478
"05/2016",1,"15-19",3637,3897,3479
"05/2016",1,"20-24",83,98,72
"05/2016",1,"25-29",17,13,NA
"05/2016",1,"30-34",17,NA,NA
"05/2016",1,"35-39",39,NA,NA
"05/2016",1,"40-44",79,NA,NA
"05/2016",1,"45-49",77,NA,NA
"06/2016",0,"0-4",NA,NA,NA
"06/2016",0,"5-9",NA,NA,NA
"06/2016",0,"10-14",25,NA,NA
"06/2016",0,"15-19",NA,NA,NA
"06/2016",0,"20-24",NA,NA,NA
"06/2016",0,"25-29",NA,NA,NA
"06/2016",0,"30-34",NA,NA,NA
"06/2016",0,"35-39",NA,NA,NA
"06/2016",0,"40-44",26,NA,NA
"06/2016",0,"45-49",25,NA,NA
"06/2016",1,"0-4",NA,NA,NA
"06/2016",1,"5-9",43,NA,NA
"06/2016",1,"10-14",10220,6714,1557
"06/2016",1,"15-19",4391,4344,4079
"06/2016",1,"20-24",93,90,104
"06/2016",1,"25-29",18,16,NA
"06/2016",1,"30-34",28,NA,NA
"06/2016",1,"35-39",52,NA,NA
"06/2016",1,"40-44",97,NA,NA
"06/2016",1,"45-49",103,NA,NA
"07/2016",0,"0-4",NA,NA,NA
"07/2016",0,"5-9",NA,NA,NA
"07/2016",0,"10-14",21,NA,NA
"07/2016",0,"15-19",NA,NA,NA
"07/2016",0,"20-24",NA,NA,NA
"07/2016",0,"25-29",NA,NA,NA
"07/2016",0,"30-34",NA,NA,NA
"07/2016",0,"35-39",NA,NA,NA
"07/2016",0,"40-44",19,NA,NA
"07/2016",0,"45-49",NA,NA,NA
"07/2016",1,"0-4",NA,NA,NA
"07/2016",1,"5-9",28,NA,NA
"07/2016",1,"10-14",6966,4492,1017
"07/2016",1,"15-19",3680,3450,3070
"07/2016",1,"20-24",92,76,74
"07/2016",1,"25-29",18,14,NA
"07/2016",1,"30-34",24,NA,NA
"07/2016",1,"35-39",37,NA,NA
"07/2016",1,"40-44",70,NA,NA
"07/2016",1,"45-49",71,NA,NA
"08/2016",0,"5-9",NA,NA,NA
"08/2016",0,"10-14",24,NA,NA
"08/2016",0,"15-19",NA,NA,NA
"08/2016",0,"20-24",NA,NA,NA
"08/2016",0,"25-29",NA,NA,NA
"08/2016",0,"35-39",NA,NA,NA
"08/2016",0,"40-44",21,NA,NA
"08/2016",0,"45-49",NA,NA,NA
"08/2016",1,"0-4",NA,NA,NA
"08/2016",1,"5-9",39,NA,NA
"08/2016",1,"10-14",10175,5850,1209
"08/2016",1,"15-19",4355,3943,3448
"08/2016",1,"20-24",90,85,64
"08/2016",1,"25-29",25,14,NA
"08/2016",1,"30-34",13,NA,NA
"08/2016",1,"35-39",40,NA,NA
"08/2016",1,"40-44",91,NA,NA
"08/2016",1,"45-49",79,NA,NA
"09/2016",0,"0-4",NA,NA,NA
"09/2016",0,"5-9",NA,NA,NA
"09/2016",0,"10-14",36,13,NA
"09/2016",0,"15-19",14,NA,NA
"09/2016",0,"20-24",NA,NA,NA
"09/2016",0,"25-29",NA,NA,NA
"09/2016",0,"30-34",NA,NA,NA
"09/2016",0,"35-39",NA,NA,NA
"09/2016",0,"40-44",28,NA,NA
"09/2016",0,"45-49",19,NA,NA
"09/2016",1,"0-4",NA,NA,NA
"09/2016",1,"5-9",60,14,NA
"09/2016",1,"10-14",16829,8209,1628
"09/2016",1,"15-19",5805,4949,3904
"09/2016",1,"20-24",146,113,96
"09/2016",1,"25-29",37,17,17
"09/2016",1,"30-34",17,NA,NA
"09/2016",1,"35-39",67,NA,NA
"09/2016",1,"40-44",132,NA,NA
"09/2016",1,"45-49",86,NA,NA
"10/2016",0,"0-4",NA,NA,NA
"10/2016",0,"5-9",NA,NA,NA
"10/2016",0,"10-14",18,NA,NA
"10/2016",0,"15-19",15,NA,NA
"10/2016",0,"20-24",NA,NA,NA
"10/2016",0,"25-29",NA,NA,NA
"10/2016",0,"30-34",NA,NA,NA
"10/2016",0,"35-39",NA,NA,NA
"10/2016",0,"40-44",22,NA,NA
"10/2016",0,"45-49",27,NA,NA
"10/2016",1,"0-4",NA,NA,NA
"10/2016",1,"5-9",58,NA,NA
"10/2016",1,"10-14",13046,7223,1402
"10/2016",1,"15-19",5416,4835,3803
"10/2016",1,"20-24",143,96,79
"10/2016",1,"25-29",34,17,NA
"10/2016",1,"30-34",14,NA,NA
"10/2016",1,"35-39",48,NA,NA
"10/2016",1,"40-44",97,NA,NA
"10/2016",1,"45-49",99,NA,NA
"11/2016",0,"0-4",NA,NA,NA
"11/2016",0,"5-9",NA,NA,NA
"11/2016",0,"10-14",24,NA,NA
"11/2016",0,"15-19",17,NA,NA
"11/2016",0,"20-24",NA,NA,NA
"11/2016",0,"25-29",NA,NA,NA
"11/2016",0,"30-34",NA,NA,NA
"11/2016",0,"35-39",NA,NA,NA
"11/2016",0,"40-44",20,NA,NA
"11/2016",0,"45-49",23,NA,NA
"11/2016",1,"0-4",NA,NA,NA
"11/2016",1,"5-9",45,NA,NA
"11/2016",1,"10-14",9229,6535,1258
"11/2016",1,"15-19",4435,4686,3103
"11/2016",1,"20-24",135,101,92
"11/2016",1,"25-29",26,21,NA
"11/2016",1,"30-34",22,NA,NA
"11/2016",1,"35-39",39,NA,NA
"11/2016",1,"40-44",82,NA,NA
"11/2016",1,"45-49",76,NA,NA
"12/2016",0,"5-9",NA,NA,NA
"12/2016",0,"10-14",15,NA,NA
"12/2016",0,"15-19",NA,NA,NA
"12/2016",0,"25-29",NA,NA,NA
"12/2016",0,"30-34",NA,NA,NA
"12/2016",0,"35-39",NA,NA,NA
"12/2016",0,"40-44",18,NA,NA
"12/2016",0,"45-49",19,NA,NA
"12/2016",1,"0-4",NA,NA,NA
"12/2016",1,"5-9",45,NA,NA
"12/2016",1,"10-14",7535,6459,1253
"12/2016",1,"15-19",3899,4584,3388
"12/2016",1,"20-24",114,119,91
"12/2016",1,"25-29",24,30,NA
"12/2016",1,"30-34",14,NA,NA
"12/2016",1,"35-39",46,NA,NA
"12/2016",1,"40-44",74,NA,NA
"12/2016",1,"45-49",92,NA,NA
"01/2017",0,"0-4",NA,NA,NA
"01/2017",0,"5-9",NA,NA,NA
"01/2017",0,"10-14",12,NA,NA
"01/2017",0,"15-19",NA,NA,NA
"01/2017",0,"20-24",NA,NA,NA
"01/2017",0,"25-29",NA,NA,NA
"01/2017",0,"30-34",NA,NA,NA
"01/2017",0,"35-39",NA,NA,NA
"01/2017",0,"40-44",24,NA,NA
"01/2017",0,"45-49",32,NA,NA
"01/2017",1,"0-4",NA,NA,NA
"01/2017",1,"5-9",47,NA,NA
"01/2017",1,"10-14",8509,6419,1268
"01/2017",1,"15-19",4162,4234,3396
"01/2017",1,"20-24",142,130,91
"01/2017",1,"25-29",26,22,14
"01/2017",1,"30-34",21,NA,NA
"01/2017",1,"35-39",53,NA,NA
"01/2017",1,"40-44",103,NA,NA
"01/2017",1,"45-49",95,NA,NA
"02/2017",0,"0-4",NA,NA,NA
"02/2017",0,"5-9",NA,NA,NA
"02/2017",0,"10-14",18,NA,NA
"02/2017",0,"15-19",12,NA,NA
"02/2017",0,"20-24",NA,NA,NA
"02/2017",0,"25-29",NA,NA,NA
"02/2017",0,"30-34",NA,NA,NA
"02/2017",0,"35-39",NA,NA,NA
"02/2017",0,"40-44",14,NA,NA
"02/2017",0,"45-49",21,NA,NA
"02/2017",1,"0-4",NA,NA,NA
"02/2017",1,"5-9",44,NA,NA
"02/2017",1,"10-14",8110,6246,1227
"02/2017",1,"15-19",4130,3791,3402
"02/2017",1,"20-24",134,102,97
"02/2017",1,"25-29",24,13,15
"02/2017",1,"30-34",12,NA,NA
"02/2017",1,"35-39",37,NA,NA
"02/2017",1,"40-44",75,NA,NA
"02/2017",1,"45-49",73,NA,NA
"03/2017",0,"0-4",NA,NA,NA
"03/2017",0,"5-9",NA,NA,NA
"03/2017",0,"10-14",25,NA,NA
"03/2017",0,"15-19",16,NA,NA
"03/2017",0,"20-24",NA,NA,NA
"03/2017",0,"25-29",NA,NA,NA
"03/2017",0,"30-34",NA,NA,NA
"03/2017",0,"35-39",NA,NA,NA
"03/2017",0,"40-44",15,NA,NA
"03/2017",0,"45-49",13,NA,NA
"03/2017",1,"0-4",NA,NA,NA
"03/2017",1,"5-9",47,NA,NA
"03/2017",1,"10-14",8784,7697,1494
"03/2017",1,"15-19",4126,4059,3936
"03/2017",1,"20-24",151,139,114
"03/2017",1,"25-29",40,14,21
"03/2017",1,"30-34",24,NA,NA
"03/2017",1,"35-39",35,NA,NA
"03/2017",1,"40-44",77,NA,NA
"03/2017",1,"45-49",105,NA,NA
"04/2017",0,"0-4",NA,NA,NA
"04/2017",0,"5-9",14,NA,NA
"04/2017",0,"10-14",30,NA,NA
"04/2017",0,"15-19",NA,NA,NA
"04/2017",0,"20-24",NA,NA,NA
"04/2017",0,"25-29",NA,NA,NA
"04/2017",0,"30-34",NA,NA,NA
"04/2017",0,"35-39",NA,NA,NA
"04/2017",0,"40-44",13,NA,NA
"04/2017",0,"45-49",22,NA,NA
"04/2017",1,"0-4",NA,NA,NA
"04/2017",1,"5-9",51,NA,NA
"04/2017",1,"10-14",7739,7036,1364
"04/2017",1,"15-19",3922,3975,3827
"04/2017",1,"20-24",111,124,99
"04/2017",1,"25-29",30,21,24
"04/2017",1,"30-34",17,NA,NA
"04/2017",1,"35-39",37,NA,NA
"04/2017",1,"40-44",95,NA,NA
"04/2017",1,"45-49",88,NA,NA
"05/2017",0,"0-4",NA,NA,NA
"05/2017",0,"5-9",NA,NA,NA
"05/2017",0,"10-14",30,NA,NA
"05/2017",0,"15-19",NA,NA,NA
"05/2017",0,"20-24",NA,NA,NA
"05/2017",0,"25-29",12,NA,NA
"05/2017",0,"30-34",NA,NA,NA
"05/2017",0,"35-39",NA,NA,NA
"05/2017",0,"40-44",22,NA,NA
"05/2017",0,"45-49",22,NA,NA
"05/2017",1,"0-4",NA,NA,NA
"05/2017",1,"5-9",38,NA,NA
"05/2017",1,"10-14",8417,6636,1339
"05/2017",1,"15-19",3738,3953,3376
"05/2017",1,"20-24",136,136,127
"05/2017",1,"25-29",25,27,13
"05/2017",1,"30-34",15,NA,NA
"05/2017",1,"35-39",44,NA,NA
"05/2017",1,"40-44",92,NA,NA
"05/2017",1,"45-49",102,NA,NA
"06/2017",0,"0-4",NA,NA,NA
"06/2017",0,"5-9",NA,NA,NA
"06/2017",0,"10-14",35,NA,NA
"06/2017",0,"15-19",27,NA,NA
"06/2017",0,"20-24",16,NA,NA
"06/2017",0,"25-29",NA,NA,NA
"06/2017",0,"30-34",NA,NA,NA
"06/2017",0,"35-39",NA,NA,NA
"06/2017",0,"40-44",16,NA,NA
"06/2017",0,"45-49",28,NA,NA
"06/2017",1,"0-4",NA,NA,NA
"06/2017",1,"5-9",52,NA,NA
"06/2017",1,"10-14",10028,6948,1245
"06/2017",1,"15-19",4177,3900,3667
"06/2017",1,"20-24",138,118,134
"06/2017",1,"25-29",17,19,15
"06/2017",1,"30-34",NA,NA,NA
"06/2017",1,"35-39",71,NA,NA
"06/2017",1,"40-44",73,NA,NA
"06/2017",1,"45-49",77,NA,NA
"07/2017",0,"0-4",NA,NA,NA
"07/2017",0,"5-9",NA,NA,NA
"07/2017",0,"10-14",29,NA,NA
"07/2017",0,"15-19",NA,NA,NA
"07/2017",0,"20-24",NA,NA,NA
"07/2017",0,"25-29",NA,NA,NA
"07/2017",0,"30-34",NA,NA,NA
"07/2017",0,"35-39",14,NA,NA
"07/2017",0,"40-44",NA,NA,NA
"07/2017",0,"45-49",22,NA,NA
"07/2017",1,"0-4",NA,NA,NA
"07/2017",1,"5-9",34,NA,NA
"07/2017",1,"10-14",7919,5235,1038
"07/2017",1,"15-19",4156,3593,3118
"07/2017",1,"20-24",120,107,111
"07/2017",1,"25-29",26,14,NA
"07/2017",1,"30-34",15,NA,NA
"07/2017",1,"35-39",44,NA,NA
"07/2017",1,"40-44",72,NA,NA
"07/2017",1,"45-49",77,NA,NA
"08/2017",0,"0-4",NA,NA,NA
"08/2017",0,"5-9",NA,NA,NA
"08/2017",0,"10-14",26,NA,NA
"08/2017",0,"15-19",20,NA,NA
"08/2017",0,"20-24",NA,NA,NA
"08/2017",0,"25-29",17,NA,NA
"08/2017",0,"30-34",NA,NA,NA
"08/2017",0,"35-39",NA,NA,NA
"08/2017",0,"40-44",15,NA,NA
"08/2017",0,"45-49",24,NA,NA
"08/2017",1,"0-4",NA,NA,NA
"08/2017",1,"5-9",44,NA,NA
"08/2017",1,"10-14",10665,5921,1078
"08/2017",1,"15-19",4449,3825,3111
"08/2017",1,"20-24",127,112,131
"08/2017",1,"25-29",31,16,12
"08/2017",1,"30-34",13,NA,NA
"08/2017",1,"35-39",35,NA,NA
"08/2017",1,"40-44",104,NA,NA
"08/2017",1,"45-49",73,NA,NA
"09/2017",0,"0-4",NA,NA,NA
"09/2017",0,"5-9",NA,NA,NA
"09/2017",0,"10-14",41,NA,NA
"09/2017",0,"15-19",24,NA,NA
"09/2017",0,"20-24",22,NA,NA
"09/2017",0,"25-29",NA,NA,NA
"09/2017",0,"30-34",NA,NA,NA
"09/2017",0,"35-39",NA,NA,NA
"09/2017",0,"40-44",28,NA,NA
"09/2017",0,"45-49",30,NA,NA
"09/2017",1,"0-4",NA,NA,NA
"09/2017",1,"5-9",109,NA,NA
"09/2017",1,"10-14",18623,8878,1634
"09/2017",1,"15-19",6052,4992,3895
"09/2017",1,"20-24",264,148,155
"09/2017",1,"25-29",39,33,22
"09/2017",1,"30-34",17,NA,NA
"09/2017",1,"35-39",53,NA,NA
"09/2017",1,"40-44",143,NA,NA
"09/2017",1,"45-49",111,NA,NA
"10/2017",0,"0-4",NA,NA,NA
"10/2017",0,"5-9",NA,NA,NA
"10/2017",0,"10-14",29,NA,NA
"10/2017",0,"15-19",18,NA,NA
"10/2017",0,"20-24",17,NA,NA
"10/2017",0,"25-29",12,NA,NA
"10/2017",0,"30-34",NA,NA,NA
"10/2017",0,"35-39",NA,NA,NA
"10/2017",0,"40-44",21,NA,NA
"10/2017",0,"45-49",21,NA,NA
"10/2017",1,"0-4",NA,NA,NA
"10/2017",1,"5-9",54,NA,NA
"10/2017",1,"10-14",11759,6692,1157
"10/2017",1,"15-19",4750,4390,3239
"10/2017",1,"20-24",183,128,109
"10/2017",1,"25-29",30,22,19
"10/2017",1,"30-34",23,NA,NA
"10/2017",1,"35-39",49,NA,NA
"10/2017",1,"40-44",116,NA,NA
"10/2017",1,"45-49",102,NA,NA
"11/2017",0,"0-4",NA,NA,NA
"11/2017",0,"5-9",NA,NA,NA
"11/2017",0,"10-14",31,17,NA
"11/2017",0,"15-19",18,17,NA
"11/2017",0,"20-24",12,NA,NA
"11/2017",0,"25-29",15,NA,NA
"11/2017",0,"30-34",NA,NA,NA
"11/2017",0,"35-39",NA,NA,NA
"11/2017",0,"40-44",22,NA,NA
"11/2017",0,"45-49",33,NA,NA
"11/2017",1,"0-4",NA,NA,NA
"11/2017",1,"5-9",61,NA,NA
"11/2017",1,"10-14",12147,7962,1392
"11/2017",1,"15-19",5387,5446,3394
"11/2017",1,"20-24",269,238,107
"11/2017",1,"25-29",53,36,20
"11/2017",1,"30-34",22,NA,NA
"11/2017",1,"35-39",58,NA,NA
"11/2017",1,"40-44",105,NA,NA
"11/2017",1,"45-49",103,NA,NA
"12/2017",0,"0-4",NA,NA,NA
"12/2017",0,"5-9",NA,NA,NA
"12/2017",0,"10-14",23,15,NA
"12/2017",0,"15-19",24,NA,NA
"12/2017",0,"20-24",NA,NA,NA
"12/2017",0,"25-29",19,NA,NA
"12/2017",0,"30-34",NA,NA,NA
"12/2017",0,"35-39",NA,NA,NA
"12/2017",0,"40-44",NA,NA,NA
"12/2017",0,"45-49",20,NA,NA
"12/2017",1,"0-4",NA,NA,NA
"12/2017",1,"5-9",36,NA,NA
"12/2017",1,"10-14",8226,6161,1082
"12/2017",1,"15-19",3863,3981,2968
"12/2017",1,"20-24",193,164,117
"12/2017",1,"25-29",36,27,13
"12/2017",1,"30-34",18,NA,NA
"12/2017",1,"35-39",42,NA,NA
"12/2017",1,"40-44",82,NA,NA
"12/2017",1,"45-49",80,NA,NA
"01/2018",0,"0-4",NA,NA,NA
"01/2018",0,"5-9",NA,NA,NA
"01/2018",0,"10-14",46,14,NA
"01/2018",0,"15-19",27,NA,NA
"01/2018",0,"20-24",21,NA,NA
"01/2018",0,"25-29",22,NA,NA
"01/2018",0,"30-34",18,NA,NA
"01/2018",0,"35-39",NA,NA,NA
"01/2018",0,"40-44",34,NA,NA
"01/2018",0,"45-49",21,NA,NA
"01/2018",1,"0-4",NA,NA,NA
"01/2018",1,"5-9",65,NA,NA
"01/2018",1,"10-14",11617,8015,1501
"01/2018",1,"15-19",5276,5104,3954
"01/2018",1,"20-24",267,252,147
"01/2018",1,"25-29",42,45,14
"01/2018",1,"30-34",14,NA,NA
"01/2018",1,"35-39",67,NA,NA
"01/2018",1,"40-44",105,NA,NA
"01/2018",1,"45-49",113,NA,NA
"02/2018",0,"0-4",NA,NA,NA
"02/2018",0,"5-9",NA,NA,NA
"02/2018",0,"10-14",44,NA,NA
"02/2018",0,"15-19",26,NA,NA
"02/2018",0,"20-24",30,NA,NA
"02/2018",0,"25-29",17,NA,NA
"02/2018",0,"30-34",NA,NA,NA
"02/2018",0,"35-39",NA,NA,NA
"02/2018",0,"40-44",22,NA,NA
"02/2018",0,"45-49",23,NA,NA
"02/2018",1,"0-4",NA,NA,NA
"02/2018",1,"5-9",42,NA,NA
"02/2018",1,"10-14",11034,7140,1306
"02/2018",1,"15-19",4987,4210,3413
"02/2018",1,"20-24",229,168,116
"02/2018",1,"25-29",60,39,21
"02/2018",1,"30-34",20,NA,NA
"02/2018",1,"35-39",52,NA,NA
"02/2018",1,"40-44",91,NA,NA
"02/2018",1,"45-49",92,NA,NA
"03/2018",0,"0-4",NA,NA,NA
"03/2018",0,"5-9",NA,NA,NA
"03/2018",0,"10-14",43,16,NA
"03/2018",0,"15-19",41,19,12
"03/2018",0,"20-24",29,NA,NA
"03/2018",0,"25-29",19,14,NA
"03/2018",0,"30-34",NA,NA,NA
"03/2018",0,"35-39",NA,NA,NA
"03/2018",0,"40-44",25,NA,NA
"03/2018",0,"45-49",32,NA,NA
"03/2018",1,"0-4",NA,NA,NA
"03/2018",1,"5-9",61,NA,NA
"03/2018",1,"10-14",12363,8868,1625
"03/2018",1,"15-19",5688,5060,4332
"03/2018",1,"20-24",308,222,191
"03/2018",1,"25-29",67,39,26
"03/2018",1,"30-34",25,NA,NA
"03/2018",1,"35-39",65,NA,NA
"03/2018",1,"40-44",126,NA,NA
"03/2018",1,"45-49",128,NA,NA
"04/2018",0,"5-9",NA,NA,NA
"04/2018",0,"10-14",39,15,NA
"04/2018",0,"15-19",42,15,NA
"04/2018",0,"20-24",34,22,NA
"04/2018",0,"25-29",35,14,NA
"04/2018",0,"30-34",NA,NA,NA
"04/2018",0,"35-39",NA,NA,NA
"04/2018",0,"40-44",14,NA,NA
"04/2018",0,"45-49",26,NA,NA
"04/2018",1,"0-4",NA,NA,NA
"04/2018",1,"5-9",53,NA,NA
"04/2018",1,"10-14",12095,8168,1519
"04/2018",1,"15-19",5799,4989,3835
"04/2018",1,"20-24",240,255,189
"04/2018",1,"25-29",46,47,34
"04/2018",1,"30-34",23,NA,NA
"04/2018",1,"35-39",62,NA,NA
"04/2018",1,"40-44",126,NA,NA
"04/2018",1,"45-49",101,NA,NA
"05/2018",0,"0-4",NA,NA,NA
"05/2018",0,"5-9",NA,NA,NA
"05/2018",0,"10-14",31,NA,NA
"05/2018",0,"15-19",34,18,NA
"05/2018",0,"20-24",26,13,NA
"05/2018",0,"25-29",23,NA,NA
"05/2018",0,"30-34",NA,NA,NA
"05/2018",0,"35-39",NA,NA,NA
"05/2018",0,"40-44",19,NA,NA
"05/2018",0,"45-49",24,NA,NA
"05/2018",1,"0-4",NA,NA,NA
"05/2018",1,"5-9",60,NA,NA
"05/2018",1,"10-14",11258,8104,1437
"05/2018",1,"15-19",5231,5080,4032
"05/2018",1,"20-24",231,249,225
"05/2018",1,"25-29",63,53,34
"05/2018",1,"30-34",24,NA,NA
"05/2018",1,"35-39",54,NA,NA
"05/2018",1,"40-44",110,NA,NA
"05/2018",1,"45-49",120,NA,NA
"06/2018",0,"0-4",NA,NA,NA
"06/2018",0,"5-9",NA,NA,NA
"06/2018",0,"10-14",54,13,NA
"06/2018",0,"15-19",55,30,NA
"06/2018",0,"20-24",57,24,NA
"06/2018",0,"25-29",25,23,NA
"06/2018",0,"30-34",NA,NA,NA
"06/2018",0,"35-39",NA,NA,NA
"06/2018",0,"40-44",28,NA,NA
"06/2018",0,"45-49",36,NA,NA
"06/2018",1,"0-4",NA,NA,NA
"06/2018",1,"5-9",68,NA,NA
"06/2018",1,"10-14",14759,8903,1568
"06/2018",1,"15-19",6182,5515,4137
"06/2018",1,"20-24",261,258,220
"06/2018",1,"25-29",39,44,39
"06/2018",1,"30-34",26,NA,NA
"06/2018",1,"35-39",65,NA,NA
"06/2018",1,"40-44",137,NA,NA
"06/2018",1,"45-49",133,NA,NA
"07/2018",0,"5-9",NA,NA,NA
"07/2018",0,"10-14",44,15,NA
"07/2018",0,"15-19",48,24,NA
"07/2018",0,"20-24",67,20,NA
"07/2018",0,"25-29",26,19,NA
"07/2018",0,"30-34",NA,NA,NA
"07/2018",0,"35-39",NA,NA,NA
"07/2018",0,"40-44",18,NA,NA
"07/2018",0,"45-49",22,NA,NA
"07/2018",1,"0-4",NA,NA,NA
"07/2018",1,"5-9",53,NA,NA
"07/2018",1,"10-14",11396,6964,1255
"07/2018",1,"15-19",5948,5274,3851
"07/2018",1,"20-24",204,176,185
"07/2018",1,"25-29",54,38,39
"07/2018",1,"30-34",15,NA,NA
"07/2018",1,"35-39",51,NA,NA
"07/2018",1,"40-44",112,NA,NA
"07/2018",1,"45-49",105,NA,NA
"08/2018",0,"0-4",NA,NA,NA
"08/2018",0,"5-9",NA,NA,NA
"08/2018",0,"10-14",47,16,NA
"08/2018",0,"15-19",56,28,NA
"08/2018",0,"20-24",46,28,13
"08/2018",0,"25-29",32,21,NA
"08/2018",0,"30-34",NA,NA,NA
"08/2018",0,"35-39",14,NA,NA
"08/2018",0,"40-44",16,NA,NA
"08/2018",0,"45-49",22,NA,NA
"08/2018",1,"0-4",NA,NA,NA
"08/2018",1,"5-9",85,NA,NA
"08/2018",1,"10-14",14401,7858,1287
"08/2018",1,"15-19",6145,5462,3882
"08/2018",1,"20-24",202,209,211
"08/2018",1,"25-29",34,28,39
"08/2018",1,"30-34",21,NA,NA
"08/2018",1,"35-39",51,NA,NA
"08/2018",1,"40-44",119,NA,NA
"08/2018",1,"45-49",104,NA,NA
"09/2018",0,"0-4",NA,NA,NA
"09/2018",0,"5-9",14,NA,NA
"09/2018",0,"10-14",116,22,NA
"09/2018",0,"15-19",84,46,NA
"09/2018",0,"20-24",69,25,NA
"09/2018",0,"25-29",50,21,13
"09/2018",0,"30-34",12,NA,NA
"09/2018",0,"35-39",16,NA,NA
"09/2018",0,"40-44",29,NA,NA
"09/2018",0,"45-49",35,NA,NA
"09/2018",1,"5-9",145,18,NA
"09/2018",1,"10-14",23229,11500,1970
"09/2018",1,"15-19",7964,6771,4932
"09/2018",1,"20-24",297,223,257
"09/2018",1,"25-29",54,44,56
"09/2018",1,"30-34",39,NA,NA
"09/2018",1,"35-39",82,NA,NA
"09/2018",1,"40-44",172,NA,NA
"09/2018",1,"45-49",165,NA,NA
"10/2018",0,"0-4",NA,NA,NA
"10/2018",0,"5-9",15,NA,NA
"10/2018",0,"10-14",109,28,NA
"10/2018",0,"15-19",91,41,24
"10/2018",0,"20-24",97,26,NA
"10/2018",0,"25-29",80,25,17
"10/2018",0,"30-34",16,NA,NA
"10/2018",0,"35-39",17,NA,NA
"10/2018",0,"40-44",35,NA,NA
"10/2018",0,"45-49",58,NA,NA
"10/2018",1,"0-4",NA,NA,NA
"10/2018",1,"5-9",124,17,NA
"10/2018",1,"10-14",22126,11811,2075
"10/2018",1,"15-19",9239,7651,5495
"10/2018",1,"20-24",401,213,221
"10/2018",1,"25-29",86,48,34
"10/2018",1,"30-34",26,NA,NA
"10/2018",1,"35-39",85,NA,NA
"10/2018",1,"40-44",163,NA,NA
"10/2018",1,"45-49",180,NA,NA
"11/2018",0,"0-4",NA,NA,NA
"11/2018",0,"5-9",NA,NA,NA
"11/2018",0,"10-14",92,30,NA
"11/2018",0,"15-19",96,48,12
"11/2018",0,"20-24",98,49,NA
"11/2018",0,"25-29",76,42,NA
"11/2018",0,"30-34",29,NA,NA
"11/2018",0,"35-39",20,NA,NA
"11/2018",0,"40-44",45,NA,NA
"11/2018",0,"45-49",43,NA,NA
"11/2018",1,"0-4",NA,NA,NA
"11/2018",1,"5-9",111,13,NA
"11/2018",1,"10-14",15773,9979,1656
"11/2018",1,"15-19",7152,6602,4423
"11/2018",1,"20-24",348,296,196
"11/2018",1,"25-29",73,45,28
"11/2018",1,"30-34",33,12,NA
"11/2018",1,"35-39",74,NA,NA
"11/2018",1,"40-44",120,NA,NA
"11/2018",1,"45-49",132,12,NA
"12/2018",0,"0-4",NA,NA,NA
"12/2018",0,"5-9",NA,NA,NA
"12/2018",0,"10-14",77,27,NA
"12/2018",0,"15-19",70,40,21
"12/2018",0,"20-24",84,59,21
"12/2018",0,"25-29",84,53,16
"12/2018",0,"30-34",20,12,NA
"12/2018",0,"35-39",25,NA,NA
"12/2018",0,"40-44",32,15,NA
"12/2018",0,"45-49",25,NA,NA
"12/2018",1,"0-4",NA,NA,NA
"12/2018",1,"5-9",68,19,NA
"12/2018",1,"10-14",11406,9103,1521
"12/2018",1,"15-19",5580,6394,4397
"12/2018",1,"20-24",295,291,218
"12/2018",1,"25-29",68,48,28
"12/2018",1,"30-34",34,NA,NA
"12/2018",1,"35-39",69,NA,NA
"12/2018",1,"40-44",111,NA,NA
"12/2018",1,"45-49",111,NA,NA
"01/2019",0,"0-4",NA,NA,NA
"01/2019",0,"5-9",14,NA,NA
"01/2019",0,"10-14",110,32,NA
"01/2019",0,"15-19",96,66,33
"01/2019",0,"20-24",100,71,23
"01/2019",0,"25-29",83,52,21
"01/2019",0,"30-34",20,15,NA
"01/2019",0,"35-39",19,18,NA
"01/2019",0,"40-44",46,13,NA
"01/2019",0,"45-49",37,NA,NA
"01/2019",1,"0-4",NA,NA,NA
"01/2019",1,"5-9",85,22,NA
"01/2019",1,"10-14",15045,10567,1924
"01/2019",1,"15-19",6596,7146,5685
"01/2019",1,"20-24",354,350,262
"01/2019",1,"25-29",81,71,45
"01/2019",1,"30-34",29,14,NA
"01/2019",1,"35-39",83,NA,NA
"01/2019",1,"40-44",127,NA,NA
"01/2019",1,"45-49",155,NA,NA
"02/2019",0,"0-4",NA,NA,NA
"02/2019",0,"5-9",12,NA,NA
"02/2019",0,"10-14",113,23,NA
"02/2019",0,"15-19",119,49,22
"02/2019",0,"20-24",111,60,16
"02/2019",0,"25-29",90,45,16
"02/2019",0,"30-34",23,18,NA
"02/2019",0,"35-39",25,12,NA
"02/2019",0,"40-44",43,NA,NA
"02/2019",0,"45-49",41,NA,NA
"02/2019",1,"0-4",NA,NA,NA
"02/2019",1,"5-9",81,17,NA
"02/2019",1,"10-14",14361,9857,1706
"02/2019",1,"15-19",6900,6100,5282
"02/2019",1,"20-24",328,293,238
"02/2019",1,"25-29",73,60,21
"02/2019",1,"30-34",33,NA,NA
"02/2019",1,"35-39",65,NA,NA
"02/2019",1,"40-44",117,NA,NA
"02/2019",1,"45-49",136,NA,NA
"03/2019",0,"0-4",NA,NA,NA
"03/2019",0,"5-9",13,NA,NA
"03/2019",0,"10-14",114,36,NA
"03/2019",0,"15-19",160,70,37
"03/2019",0,"20-24",159,62,39
"03/2019",0,"25-29",88,62,29
"03/2019",0,"30-34",25,20,13
"03/2019",0,"35-39",24,NA,NA
"03/2019",0,"40-44",40,13,NA
"03/2019",0,"45-49",39,NA,NA
"03/2019",1,"0-4",NA,NA,NA
"03/2019",1,"5-9",100,19,NA
"03/2019",1,"10-14",16125,11630,2263
"03/2019",1,"15-19",7617,6678,5757
"03/2019",1,"20-24",418,315,256
"03/2019",1,"25-29",75,73,47
"03/2019",1,"30-34",34,NA,NA
"03/2019",1,"35-39",82,NA,NA
"03/2019",1,"40-44",137,NA,NA
"03/2019",1,"45-49",131,NA,NA
"04/2019",0,"0-4",NA,NA,NA
"04/2019",0,"5-9",NA,NA,NA
"04/2019",0,"10-14",163,47,NA
"04/2019",0,"15-19",186,77,41
"04/2019",0,"20-24",181,98,40
"04/2019",0,"25-29",120,72,39
"04/2019",0,"30-34",36,15,NA
"04/2019",0,"35-39",27,12,NA
"04/2019",0,"40-44",41,NA,14
"04/2019",0,"45-49",61,NA,NA
"04/2019",1,"0-4",NA,NA,NA
"04/2019",1,"5-9",106,25,NA
"04/2019",1,"10-14",17386,12287,2186
"04/2019",1,"15-19",8813,7319,6289
"04/2019",1,"20-24",453,357,306
"04/2019",1,"25-29",85,62,51
"04/2019",1,"30-34",44,NA,NA
"04/2019",1,"35-39",95,NA,NA
"04/2019",1,"40-44",155,NA,NA
"04/2019",1,"45-49",175,NA,NA
"05/2019",0,"0-4",NA,NA,NA
"05/2019",0,"5-9",13,NA,NA
"05/2019",0,"10-14",201,45,NA
"05/2019",0,"15-19",176,100,28
"05/2019",0,"20-24",168,102,43
"05/2019",0,"25-29",112,76,46
"05/2019",0,"30-34",37,15,14
"05/2019",0,"35-39",36,17,NA
"05/2019",0,"40-44",31,16,NA
"05/2019",0,"45-49",42,NA,12
"05/2019",1,"0-4",NA,NA,NA
"05/2019",1,"5-9",121,18,NA
"05/2019",1,"10-14",16580,11593,1961
"05/2019",1,"15-19",7697,7346,5781
"05/2019",1,"20-24",421,411,371
"05/2019",1,"25-29",82,62,71
"05/2019",1,"30-34",40,13,NA
"05/2019",1,"35-39",99,NA,NA
"05/2019",1,"40-44",137,NA,NA
"05/2019",1,"45-49",147,NA,NA
"06/2019",0,"0-4",NA,NA,NA
"06/2019",0,"5-9",NA,NA,NA
"06/2019",0,"10-14",236,66,12
"06/2019",0,"15-19",181,103,50
"06/2019",0,"20-24",164,94,45
"06/2019",0,"25-29",107,84,59
"06/2019",0,"30-34",31,23,NA
"06/2019",0,"35-39",21,15,NA
"06/2019",0,"40-44",47,16,NA
"06/2019",0,"45-49",32,NA,NA
"06/2019",1,"0-4",NA,NA,NA
"06/2019",1,"5-9",115,22,NA
"06/2019",1,"10-14",17370,10951,1860
"06/2019",1,"15-19",7288,7668,5703
"06/2019",1,"20-24",417,406,332
"06/2019",1,"25-29",86,72,60
"06/2019",1,"30-34",37,22,NA
"06/2019",1,"35-39",106,NA,NA
"06/2019",1,"40-44",187,NA,NA
"06/2019",1,"45-49",170,NA,NA
"07/2019",0,"0-4",NA,NA,NA
"07/2019",0,"5-9",NA,NA,NA
"07/2019",0,"10-14",174,57,NA
"07/2019",0,"15-19",170,116,50
"07/2019",0,"20-24",159,131,45
"07/2019",0,"25-29",129,92,57
"07/2019",0,"30-34",40,26,18
"07/2019",0,"35-39",27,13,NA
"07/2019",0,"40-44",44,15,NA
"07/2019",0,"45-49",53,NA,NA
"07/2019",1,"0-4",NA,NA,NA
"07/2019",1,"5-9",109,14,NA
"07/2019",1,"10-14",16199,9738,1671
"07/2019",1,"15-19",8212,7719,5729
"07/2019",1,"20-24",465,383,316
"07/2019",1,"25-29",99,70,50
"07/2019",1,"30-34",44,15,NA
"07/2019",1,"35-39",82,NA,NA
"07/2019",1,"40-44",138,NA,NA
"07/2019",1,"45-49",142,NA,NA
"08/2019",0,"0-4",NA,NA,NA
"08/2019",0,"5-9",NA,NA,NA
"08/2019",0,"10-14",210,61,NA
"08/2019",0,"15-19",174,121,68
"08/2019",0,"20-24",160,95,62
"08/2019",0,"25-29",103,81,56
"08/2019",0,"30-34",34,20,NA
"08/2019",0,"35-39",29,13,NA
"08/2019",0,"40-44",45,NA,NA
"08/2019",0,"45-49",29,NA,NA
"08/2019",1,"0-4",NA,NA,NA
"08/2019",1,"5-9",141,28,NA
"08/2019",1,"10-14",18401,10050,1551
"08/2019",1,"15-19",7829,7043,5365
"08/2019",1,"20-24",402,336,333
"08/2019",1,"25-29",56,60,51
"08/2019",1,"30-34",26,12,NA
"08/2019",1,"35-39",69,NA,NA
"08/2019",1,"40-44",157,NA,NA
"08/2019",1,"45-49",131,NA,NA
"09/2019",0,"0-4",NA,NA,NA
"09/2019",0,"5-9",15,NA,NA
"09/2019",0,"10-14",356,97,NA
"09/2019",0,"15-19",249,133,62
"09/2019",0,"20-24",196,122,68
"09/2019",0,"25-29",153,101,67
"09/2019",0,"30-34",37,29,12
"09/2019",0,"35-39",34,13,12
"09/2019",0,"40-44",45,12,NA
"09/2019",0,"45-49",62,NA,NA
"09/2019",1,"0-4",NA,NA,NA
"09/2019",1,"5-9",223,28,NA
"09/2019",1,"10-14",29447,14938,2297
"09/2019",1,"15-19",10149,8980,6689
"09/2019",1,"20-24",553,441,447
"09/2019",1,"25-29",82,75,55
"09/2019",1,"30-34",62,26,15
"09/2019",1,"35-39",130,13,NA
"09/2019",1,"40-44",193,18,NA
"09/2019",1,"45-49",199,NA,NA
"10/2019",0,"0-4",NA,NA,NA
"10/2019",0,"5-9",18,NA,NA
"10/2019",0,"10-14",376,101,NA
"10/2019",0,"15-19",310,148,83
"10/2019",0,"20-24",200,113,70
"10/2019",0,"25-29",146,100,69
"10/2019",0,"30-34",53,32,29
"10/2019",0,"35-39",30,25,15
"10/2019",0,"40-44",66,18,16
"10/2019",0,"45-49",64,12,NA
"10/2019",1,"0-4",NA,NA,NA
"10/2019",1,"5-9",183,28,NA
"10/2019",1,"10-14",28054,15377,2350
"10/2019",1,"15-19",11611,10341,7262
"10/2019",1,"20-24",580,414,433
"10/2019",1,"25-29",90,46,64
"10/2019",1,"30-34",42,17,12
"10/2019",1,"35-39",133,NA,NA
"10/2019",1,"40-44",226,NA,NA
"10/2019",1,"45-49",209,NA,NA
"11/2019",0,"0-4",NA,NA,NA
"11/2019",0,"5-9",17,NA,NA
"11/2019",0,"10-14",380,113,13
"11/2019",0,"15-19",306,160,65
"11/2019",0,"20-24",154,126,78
"11/2019",0,"25-29",162,106,64
"11/2019",0,"30-34",56,20,18
"11/2019",0,"35-39",43,14,NA
"11/2019",0,"40-44",40,18,NA
"11/2019",0,"45-49",45,NA,NA
"11/2019",1,"0-4",NA,NA,NA
"11/2019",1,"5-9",131,24,NA
"11/2019",1,"10-14",18727,12389,1780
"11/2019",1,"15-19",8317,8485,5783
"11/2019",1,"20-24",537,476,356
"11/2019",1,"25-29",95,65,57
"11/2019",1,"30-34",47,18,NA
"11/2019",1,"35-39",110,NA,NA
"11/2019",1,"40-44",191,NA,NA
"11/2019",1,"45-49",183,13,NA
"12/2019",0,"0-4",NA,NA,NA
"12/2019",0,"5-9",NA,NA,NA
"12/2019",0,"10-14",549,128,NA
"12/2019",0,"15-19",465,205,90
"12/2019",0,"20-24",212,124,91
"12/2019",0,"25-29",148,113,83
"12/2019",0,"30-34",48,27,17
"12/2019",0,"35-39",28,12,19
"12/2019",0,"40-44",43,16,NA
"12/2019",0,"45-49",45,13,NA
"12/2019",1,"0-4",NA,NA,NA
"12/2019",1,"5-9",116,27,NA
"12/2019",1,"10-14",15379,11696,1639
"12/2019",1,"15-19",7379,8952,6069
"12/2019",1,"20-24",439,509,425
"12/2019",1,"25-29",108,69,69
"12/2019",1,"30-34",36,16,NA
"12/2019",1,"35-39",74,NA,NA
"12/2019",1,"40-44",142,NA,NA
"12/2019",1,"45-49",168,NA,NA
"01/2020",0,"0-4",NA,NA,NA
"01/2020",0,"5-9",33,NA,NA
"01/2020",0,"10-14",1312,165,18
"01/2020",0,"15-19",896,265,111
"01/2020",0,"20-24",252,138,77
"01/2020",0,"25-29",183,115,87
"01/2020",0,"30-34",73,44,24
"01/2020",0,"35-39",63,26,14
"01/2020",0,"40-44",59,20,16
"01/2020",0,"45-49",73,13,NA
"01/2020",1,"0-4",NA,NA,NA
"01/2020",1,"5-9",137,20,NA
"01/2020",1,"10-14",19250,13603,1927
"01/2020",1,"15-19",8440,9291,6991
"01/2020",1,"20-24",522,535,457
"01/2020",1,"25-29",101,107,65
"01/2020",1,"30-34",46,27,18
"01/2020",1,"35-39",103,18,NA
"01/2020",1,"40-44",201,NA,NA
"01/2020",1,"45-49",206,14,NA
"02/2020",0,"0-4",NA,NA,NA
"02/2020",0,"5-9",18,NA,NA
"02/2020",0,"10-14",1503,227,12
"02/2020",0,"15-19",989,342,98
"02/2020",0,"20-24",259,159,73
"02/2020",0,"25-29",170,121,68
"02/2020",0,"30-34",59,40,19
"02/2020",0,"35-39",45,20,NA
"02/2020",0,"40-44",62,17,NA
"02/2020",0,"45-49",61,17,NA
"02/2020",1,"0-4",NA,NA,NA
"02/2020",1,"5-9",150,32,NA
"02/2020",1,"10-14",19076,13240,1811
"02/2020",1,"15-19",8867,8302,6742
"02/2020",1,"20-24",508,490,424
"02/2020",1,"25-29",98,76,44
"02/2020",1,"30-34",63,14,NA
"02/2020",1,"35-39",100,14,NA
"02/2020",1,"40-44",196,NA,NA
"02/2020",1,"45-49",185,NA,NA
"03/2020",0,"0-4",NA,NA,NA
"03/2020",0,"5-9",12,NA,NA
"03/2020",0,"10-14",721,152,24
"03/2020",0,"15-19",432,380,109
"03/2020",0,"20-24",162,112,65
"03/2020",0,"25-29",79,110,67
"03/2020",0,"30-34",29,35,13
"03/2020",0,"35-39",25,22,NA
"03/2020",0,"40-44",40,18,12
"03/2020",0,"45-49",43,NA,12
"03/2020",1,"0-4",NA,NA,NA
"03/2020",1,"5-9",58,19,NA
"03/2020",1,"10-14",8965,9390,1353
"03/2020",1,"15-19",4288,6098,5115
"03/2020",1,"20-24",289,371,371
"03/2020",1,"25-29",53,61,47
"03/2020",1,"30-34",40,19,NA
"03/2020",1,"35-39",86,NA,NA
"03/2020",1,"40-44",131,NA,NA
"03/2020",1,"45-49",119,NA,NA
"04/2020",0,"0-4",NA,NA,NA
"04/2020",0,"5-9",NA,NA,NA
"04/2020",0,"10-14",439,180,26
"04/2020",0,"15-19",254,427,143
"04/2020",0,"20-24",63,123,49
"04/2020",0,"25-29",41,78,56
"04/2020",0,"30-34",13,40,12
"04/2020",0,"35-39",13,20,NA
"04/2020",0,"40-44",20,13,NA
"04/2020",0,"45-49",28,NA,NA
"04/2020",1,"5-9",43,19,NA
"04/2020",1,"10-14",4211,9786,1280
"04/2020",1,"15-19",1625,5775,5754
"04/2020",1,"20-24",121,306,331
"04/2020",1,"25-29",32,44,35
"04/2020",1,"30-34",24,14,NA
"04/2020",1,"35-39",52,NA,NA
"04/2020",1,"40-44",101,NA,NA
"04/2020",1,"45-49",105,12,NA
"05/2020",0,"0-4",NA,NA,NA
"05/2020",0,"5-9",22,NA,NA
"05/2020",0,"10-14",984,291,32
"05/2020",0,"15-19",547,376,193
"05/2020",0,"20-24",148,135,108
"05/2020",0,"25-29",95,89,98
"05/2020",0,"30-34",45,36,38
"05/2020",0,"35-39",29,18,21
"05/2020",0,"40-44",36,NA,12
"05/2020",0,"45-49",48,NA,NA
"05/2020",1,"0-4",NA,NA,NA
"05/2020",1,"5-9",80,23,NA
"05/2020",1,"10-14",10201,13334,1716
"05/2020",1,"15-19",3939,5805,6698
"05/2020",1,"20-24",278,334,508
"05/2020",1,"25-29",57,48,74
"05/2020",1,"30-34",43,20,20
"05/2020",1,"35-39",88,NA,NA
"05/2020",1,"40-44",150,NA,NA
"05/2020",1,"45-49",184,NA,NA
"06/2020",0,"0-4",NA,NA,NA
"06/2020",0,"5-9",26,NA,NA
"06/2020",0,"10-14",2261,466,42
"06/2020",0,"15-19",1103,443,218
"06/2020",0,"20-24",238,124,100
"06/2020",0,"25-29",146,78,103
"06/2020",0,"30-34",56,23,41
"06/2020",0,"35-39",31,20,21
"06/2020",0,"40-44",54,NA,16
"06/2020",0,"45-49",58,NA,16
"06/2020",1,"0-4",NA,NA,NA
"06/2020",1,"5-9",131,23,NA
"06/2020",1,"10-14",19896,16122,2018
"06/2020",1,"15-19",7587,6120,7425
"06/2020",1,"20-24",513,321,549
"06/2020",1,"25-29",109,58,75
"06/2020",1,"30-34",54,NA,16
"06/2020",1,"35-39",104,NA,NA
"06/2020",1,"40-44",223,NA,NA
"06/2020",1,"45-49",211,NA,NA
"07/2020",0,"0-4",NA,NA,NA
"07/2020",0,"5-9",19,NA,NA
"07/2020",0,"10-14",2073,414,35
"07/2020",0,"15-19",1174,487,237
"07/2020",0,"20-24",219,114,91
"07/2020",0,"25-29",162,97,98
"07/2020",0,"30-34",56,43,22
"07/2020",0,"35-39",32,14,20
"07/2020",0,"40-44",57,NA,13
"07/2020",0,"45-49",57,12,NA
"07/2020",1,"0-4",NA,NA,NA
"07/2020",1,"5-9",111,20,NA
"07/2020",1,"10-14",17102,11404,1474
"07/2020",1,"15-19",7047,6217,5446
"07/2020",1,"20-24",493,381,474
"07/2020",1,"25-29",96,57,75
"07/2020",1,"30-34",41,23,18
"07/2020",1,"35-39",90,NA,NA
"07/2020",1,"40-44",162,NA,NA
"07/2020",1,"45-49",178,12,NA
"08/2020",0,"0-4",NA,NA,NA
"08/2020",0,"5-9",26,NA,NA
"08/2020",0,"10-14",2659,611,34
"08/2020",0,"15-19",1349,754,336
"08/2020",0,"20-24",212,146,110
"08/2020",0,"25-29",134,109,81
"08/2020",0,"30-34",41,40,38
"08/2020",0,"35-39",35,16,14
"08/2020",0,"40-44",36,12,NA
"08/2020",0,"45-49",45,NA,NA
"08/2020",1,"0-4",NA,NA,NA
"08/2020",1,"5-9",131,21,NA
"08/2020",1,"10-14",19817,12383,1454
"08/2020",1,"15-19",7016,7477,5704
"08/2020",1,"20-24",446,417,428
"08/2020",1,"25-29",97,75,53
"08/2020",1,"30-34",44,24,15
"08/2020",1,"35-39",92,NA,NA
"08/2020",1,"40-44",186,12,NA
"08/2020",1,"45-49",167,NA,NA
"09/2020",0,"0-4",NA,NA,NA
"09/2020",0,"5-9",39,NA,NA
"09/2020",0,"10-14",4202,726,47
"09/2020",0,"15-19",1652,876,348
"09/2020",0,"20-24",263,181,102
"09/2020",0,"25-29",164,122,91
"09/2020",0,"30-34",61,40,23
"09/2020",0,"35-39",35,13,18
"09/2020",0,"40-44",64,12,NA
"09/2020",0,"45-49",79,NA,NA
"09/2020",1,"0-4",NA,NA,NA
"09/2020",1,"5-9",228,17,NA
"09/2020",1,"10-14",29177,14414,1833
"09/2020",1,"15-19",8075,8104,5552
"09/2020",1,"20-24",533,521,510
"09/2020",1,"25-29",108,100,77
"09/2020",1,"30-34",67,21,14
"09/2020",1,"35-39",146,NA,NA
"09/2020",1,"40-44",251,15,NA
"09/2020",1,"45-49",227,15,NA
"10/2020",0,"0-4",NA,NA,NA
"10/2020",0,"5-9",35,NA,NA
"10/2020",0,"10-14",4028,810,50
"10/2020",0,"15-19",1922,1163,351
"10/2020",0,"20-24",253,182,97
"10/2020",0,"25-29",180,123,60
"10/2020",0,"30-34",61,45,26
"10/2020",0,"35-39",49,25,14
"10/2020",0,"40-44",57,18,12
"10/2020",0,"45-49",45,NA,NA
"10/2020",1,"0-4",NA,NA,NA
"10/2020",1,"5-9",153,16,NA
"10/2020",1,"10-14",26674,11963,1504
"10/2020",1,"15-19",9110,8675,4981
"10/2020",1,"20-24",594,526,364
"10/2020",1,"25-29",135,91,38
"10/2020",1,"30-34",61,22,17
"10/2020",1,"35-39",117,NA,NA
"10/2020",1,"40-44",240,NA,NA
"10/2020",1,"45-49",210,13,NA
"11/2020",0,"0-4",NA,NA,NA
"11/2020",0,"5-9",29,NA,NA
"11/2020",0,"10-14",2600,789,48
"11/2020",0,"15-19",1225,948,314
"11/2020",0,"20-24",257,186,89
"11/2020",0,"25-29",174,114,71
"11/2020",0,"30-34",62,47,24
"11/2020",0,"35-39",33,17,13
"11/2020",0,"40-44",41,13,NA
"11/2020",0,"45-49",47,14,NA
"11/2020",1,"0-4",NA,NA,NA
"11/2020",1,"5-9",130,23,NA
"11/2020",1,"10-14",16167,10001,1271
"11/2020",1,"15-19",6020,7227,4383
"11/2020",1,"20-24",449,501,353
"11/2020",1,"25-29",129,103,40
"11/2020",1,"30-34",58,30,16
"11/2020",1,"35-39",100,16,NA
"11/2020",1,"40-44",157,NA,NA
"11/2020",1,"45-49",188,17,NA
"12/2020",0,"0-4",NA,NA,NA
"12/2020",0,"5-9",18,NA,NA
"12/2020",0,"10-14",2955,1035,66
"12/2020",0,"15-19",1501,1263,539
"12/2020",0,"20-24",277,196,139
"12/2020",0,"25-29",173,125,97
"12/2020",0,"30-34",76,47,37
"12/2020",0,"35-39",36,22,NA
"12/2020",0,"40-44",42,20,NA
"12/2020",0,"45-49",42,NA,NA
"12/2020",1,"0-4",NA,NA,NA
"12/2020",1,"5-9",100,28,NA
"12/2020",1,"10-14",14558,12096,1447
"12/2020",1,"15-19",6122,7797,5610
"12/2020",1,"20-24",504,531,442
"12/2020",1,"25-29",109,102,79
"12/2020",1,"30-34",53,33,23
"12/2020",1,"35-39",93,13,NA
"12/2020",1,"40-44",157,20,NA
"12/2020",1,"45-49",157,NA,NA
"01/2021",0,"0-4",NA,NA,NA
"01/2021",0,"5-9",44,NA,NA
"01/2021",0,"10-14",6804,1349,76
"01/2021",0,"15-19",3323,1320,603
"01/2021",0,"20-24",334,209,142
"01/2021",0,"25-29",195,144,99
"01/2021",0,"30-34",85,52,37
"01/2021",0,"35-39",53,30,17
"01/2021",0,"40-44",73,18,13
"01/2021",0,"45-49",71,NA,NA
"01/2021",1,"0-4",NA,NA,NA
"01/2021",1,"5-9",130,29,NA
"01/2021",1,"10-14",17809,13463,1573
"01/2021",1,"15-19",6530,7594,5915
"01/2021",1,"20-24",534,502,477
"01/2021",1,"25-29",145,88,86
"01/2021",1,"30-34",53,33,14
"01/2021",1,"35-39",130,17,NA
"01/2021",1,"40-44",206,21,NA
"01/2021",1,"45-49",195,NA,NA
"02/2021",0,"0-4",13,NA,NA
"02/2021",0,"5-9",54,NA,NA
"02/2021",0,"10-14",9902,1683,86
"02/2021",0,"15-19",5571,1656,714
"02/2021",0,"20-24",395,243,131
"02/2021",0,"25-29",198,139,90
"02/2021",0,"30-34",67,57,39
"02/2021",0,"35-39",60,26,20
"02/2021",0,"40-44",73,20,NA
"02/2021",0,"45-49",66,NA,NA
"02/2021",1,"0-4",NA,NA,NA
"02/2021",1,"5-9",127,25,NA
"02/2021",1,"10-14",20483,13696,1606
"02/2021",1,"15-19",8239,7438,5966
"02/2021",1,"20-24",578,509,485
"02/2021",1,"25-29",138,97,71
"02/2021",1,"30-34",55,27,18
"02/2021",1,"35-39",148,22,NA
"02/2021",1,"40-44",233,15,NA
"02/2021",1,"45-49",249,NA,NA
"03/2021",0,"0-4",NA,NA,NA
"03/2021",0,"5-9",74,NA,NA
"03/2021",0,"10-14",12272,2461,115
"03/2021",0,"15-19",6416,2773,837
"03/2021",0,"20-24",467,283,156
"03/2021",0,"25-29",237,178,103
"03/2021",0,"30-34",83,68,45
"03/2021",0,"35-39",65,28,14
"03/2021",0,"40-44",74,22,NA
"03/2021",0,"45-49",96,16,14
"03/2021",1,"0-4",NA,NA,NA
"03/2021",1,"5-9",149,29,NA
"03/2021",1,"10-14",23633,16855,1916
"03/2021",1,"15-19",9597,8739,6633
"03/2021",1,"20-24",697,603,586
"03/2021",1,"25-29",187,142,103
"03/2021",1,"30-34",77,30,28
"03/2021",1,"35-39",195,12,NA
"03/2021",1,"40-44",293,19,NA
"03/2021",1,"45-49",271,13,NA
"04/2021",0,"0-4",NA,NA,NA
"04/2021",0,"5-9",75,NA,NA
"04/2021",0,"10-14",12462,2818,143
"04/2021",0,"15-19",6898,4354,1112
"04/2021",0,"20-24",441,351,160
"04/2021",0,"25-29",232,178,114
"04/2021",0,"30-34",83,58,33
"04/2021",0,"35-39",70,37,19
"04/2021",0,"40-44",84,18,12
"04/2021",0,"45-49",86,NA,NA
"04/2021",1,"0-4",NA,NA,NA
"04/2021",1,"5-9",142,19,NA
"04/2021",1,"10-14",23568,17526,1899
"04/2021",1,"15-19",9539,9755,7155
"04/2021",1,"20-24",640,628,570
"04/2021",1,"25-29",150,115,105
"04/2021",1,"30-34",82,38,24
"04/2021",1,"35-39",169,18,NA
"04/2021",1,"40-44",326,19,NA
"04/2021",1,"45-49",275,20,NA
"05/2021",0,"0-4",NA,NA,NA
"05/2021",0,"5-9",64,NA,NA
"05/2021",0,"10-14",11129,2547,142
"05/2021",0,"15-19",5080,4252,1008
"05/2021",0,"20-24",338,301,156
"05/2021",0,"25-29",155,173,105
"05/2021",0,"30-34",65,49,41
"05/2021",0,"35-39",51,36,18
"05/2021",0,"40-44",69,14,NA
"05/2021",0,"45-49",74,NA,13
"05/2021",1,"0-4",NA,NA,NA
"05/2021",1,"5-9",145,19,NA
"05/2021",1,"10-14",19714,13653,1501
"05/2021",1,"15-19",7258,8788,5724
"05/2021",1,"20-24",485,626,528
"05/2021",1,"25-29",122,144,82
"05/2021",1,"30-34",65,28,22
"05/2021",1,"35-39",154,16,NA
"05/2021",1,"40-44",255,18,NA
"05/2021",1,"45-49",237,13,NA
"06/2021",0,"0-4",NA,NA,NA
"06/2021",0,"5-9",103,NA,NA
"06/2021",0,"10-14",15430,3687,217
"06/2021",0,"15-19",5568,5114,1387
"06/2021",0,"20-24",303,298,176
"06/2021",0,"25-29",166,154,117
"06/2021",0,"30-34",67,47,43
"06/2021",0,"35-39",54,30,19
"06/2021",0,"40-44",91,16,17
"06/2021",0,"45-49",95,NA,NA
"06/2021",1,"0-4",15,NA,NA
"06/2021",1,"5-9",173,28,NA
"06/2021",1,"10-14",26266,16555,1858
"06/2021",1,"15-19",7766,9900,6607
"06/2021",1,"20-24",468,551,529
"06/2021",1,"25-29",108,115,81
"06/2021",1,"30-34",55,36,20
"06/2021",1,"35-39",181,32,NA
"06/2021",1,"40-44",315,25,NA
"06/2021",1,"45-49",261,NA,NA
"07/2021",0,"0-4",NA,NA,NA
"07/2021",0,"5-9",58,NA,NA
"07/2021",0,"10-14",9549,2770,134
"07/2021",0,"15-19",3648,3310,1218
"07/2021",0,"20-24",316,248,165
"07/2021",0,"25-29",161,123,108
"07/2021",0,"30-34",81,51,45
"07/2021",0,"35-39",53,27,29
"07/2021",0,"40-44",63,26,NA
"07/2021",0,"45-49",68,NA,12
"07/2021",1,"0-4",NA,NA,NA
"07/2021",1,"5-9",118,15,NA
"07/2021",1,"10-14",16726,10647,1283
"07/2021",1,"15-19",5294,6866,4792
"07/2021",1,"20-24",420,432,480
"07/2021",1,"25-29",97,108,88
"07/2021",1,"30-34",62,27,18
"07/2021",1,"35-39",170,28,19
"07/2021",1,"40-44",240,15,NA
"07/2021",1,"45-49",190,NA,NA
"08/2021",0,"0-4",NA,NA,NA
"08/2021",0,"5-9",80,NA,NA
"08/2021",0,"10-14",10762,3964,213
"08/2021",0,"15-19",4617,3265,2306
"08/2021",0,"20-24",353,198,246
"08/2021",0,"25-29",161,113,127
"08/2021",0,"30-34",68,41,42
"08/2021",0,"35-39",56,22,24
"08/2021",0,"40-44",61,NA,NA
"08/2021",0,"45-49",74,NA,NA
"08/2021",1,"0-4",NA,NA,NA
"08/2021",1,"5-9",151,27,NA
"08/2021",1,"10-14",16594,10866,1140
"08/2021",1,"15-19",4697,5637,4968
"08/2021",1,"20-24",430,411,520
"08/2021",1,"25-29",118,83,93
"08/2021",1,"30-34",62,27,23
"08/2021",1,"35-39",136,18,NA
"08/2021",1,"40-44",249,12,NA
"08/2021",1,"45-49",207,13,NA
"09/2021",0,"0-4",NA,NA,NA
"09/2021",0,"5-9",102,12,NA
"09/2021",0,"10-14",18474,6332,332
"09/2021",0,"15-19",8061,4204,3103
"09/2021",0,"20-24",468,262,275
"09/2021",0,"25-29",233,153,156
"09/2021",0,"30-34",88,77,53
"09/2021",0,"35-39",70,38,35
"09/2021",0,"40-44",105,22,19
"09/2021",0,"45-49",92,17,NA
"09/2021",1,"0-4",NA,NA,NA
"09/2021",1,"5-9",225,31,NA
"09/2021",1,"10-14",24938,16322,1733
"09/2021",1,"15-19",7122,6852,6579
"09/2021",1,"20-24",707,495,608
"09/2021",1,"25-29",155,107,145
"09/2021",1,"30-34",92,43,36
"09/2021",1,"35-39",198,28,15
"09/2021",1,"40-44",352,20,13
"09/2021",1,"45-49",318,23,NA
"10/2021",0,"0-4",NA,NA,NA
"10/2021",0,"5-9",114,13,NA
"10/2021",0,"10-14",18494,7968,383
"10/2021",0,"15-19",9401,5400,3792
"10/2021",0,"20-24",519,308,260
"10/2021",0,"25-29",266,147,136
"10/2021",0,"30-34",94,61,39
"10/2021",0,"35-39",74,38,28
"10/2021",0,"40-44",83,23,14
"10/2021",0,"45-49",114,NA,NA
"10/2021",1,"0-4",12,NA,NA
"10/2021",1,"5-9",213,28,NA
"10/2021",1,"10-14",24902,18034,1733
"10/2021",1,"15-19",8311,7310,7227
"10/2021",1,"20-24",740,494,592
"10/2021",1,"25-29",163,104,121
"10/2021",1,"30-34",101,41,36
"10/2021",1,"35-39",169,23,17
"10/2021",1,"40-44",335,21,12
"10/2021",1,"45-49",295,22,NA
"11/2021",0,"0-4",NA,NA,NA
"11/2021",0,"5-9",91,14,NA
"11/2021",0,"10-14",16007,7914,354
"11/2021",0,"15-19",8256,6397,3147
"11/2021",0,"20-24",495,361,213
"11/2021",0,"25-29",233,194,115
"11/2021",0,"30-34",74,63,40
"11/2021",0,"35-39",66,34,20
"11/2021",0,"40-44",97,25,NA
"11/2021",0,"45-49",111,14,NA
"11/2021",1,"0-4",NA,NA,NA
"11/2021",1,"5-9",173,27,NA
"11/2021",1,"10-14",21915,17163,1545
"11/2021",1,"15-19",7861,7986,6193
"11/2021",1,"20-24",727,664,559
"11/2021",1,"25-29",187,125,107
"11/2021",1,"30-34",106,40,28
"11/2021",1,"35-39",179,24,14
"11/2021",1,"40-44",331,20,17
"11/2021",1,"45-49",267,18,NA
"12/2021",0,"0-4",NA,NA,NA
"12/2021",0,"5-9",77,15,NA
"12/2021",0,"10-14",12653,8011,317
"12/2021",0,"15-19",6238,7517,3134
"12/2021",0,"20-24",392,371,230
"12/2021",0,"25-29",198,194,98
"12/2021",0,"30-34",76,63,38
"12/2021",0,"35-39",58,39,16
"12/2021",0,"40-44",79,18,16
"12/2021",0,"45-49",101,22,NA
"12/2021",1,"0-4",13,NA,NA
"12/2021",1,"5-9",134,23,NA
"12/2021",1,"10-14",17830,16195,1351
"12/2021",1,"15-19",6381,8325,5668
"12/2021",1,"20-24",635,673,484
"12/2021",1,"25-29",171,152,78
"12/2021",1,"30-34",53,47,23
"12/2021",1,"35-39",160,31,12
"12/2021",1,"40-44",341,22,NA
"12/2021",1,"45-49",299,20,NA
"01/2022",0,"0-4",NA,NA,NA
"01/2022",0,"5-9",66,14,NA
"01/2022",0,"10-14",10847,6801,355
"01/2022",0,"15-19",4616,6444,2449
"01/2022",0,"20-24",406,354,200
"01/2022",0,"25-29",205,238,105
"01/2022",0,"30-34",82,55,56
"01/2022",0,"35-39",65,41,32
"01/2022",0,"40-44",79,20,20
"01/2022",0,"45-49",105,NA,NA
"01/2022",1,"0-4",NA,NA,NA
"01/2022",1,"5-9",107,27,NA
"01/2022",1,"10-14",16182,13646,1220
"01/2022",1,"15-19",5288,7413,4482
"01/2022",1,"20-24",540,664,433
"01/2022",1,"25-29",183,145,81
"01/2022",1,"30-34",101,61,29
"01/2022",1,"35-39",183,20,17
"01/2022",1,"40-44",266,28,NA
"01/2022",1,"45-49",282,18,NA
"02/2022",0,"0-4",NA,NA,NA
"02/2022",0,"5-9",66,NA,NA
"02/2022",0,"10-14",10568,6256,323
"02/2022",0,"15-19",4977,5536,2765
"02/2022",0,"20-24",419,307,238
"02/2022",0,"25-29",211,145,131
"02/2022",0,"30-34",69,63,41
"02/2022",0,"35-39",49,35,22
"02/2022",0,"40-44",69,29,14
"02/2022",0,"45-49",62,25,NA
"02/2022",1,"0-4",NA,NA,NA
"02/2022",1,"5-9",99,22,NA
"02/2022",1,"10-14",16564,12022,1060
"02/2022",1,"15-19",6047,6751,4284
"02/2022",1,"20-24",640,612,490
"02/2022",1,"25-29",191,148,87
"02/2022",1,"30-34",78,41,19
"02/2022",1,"35-39",130,30,19
"02/2022",1,"40-44",214,26,NA
"02/2022",1,"45-49",217,15,NA
"03/2022",0,"0-4",NA,NA,NA
"03/2022",0,"5-9",85,12,NA
"03/2022",0,"10-14",14303,8860,456
"03/2022",0,"15-19",5907,5593,3786
"03/2022",0,"20-24",470,379,288
"03/2022",0,"25-29",235,177,157
"03/2022",0,"30-34",90,63,56
"03/2022",0,"35-39",69,39,33
"03/2022",0,"40-44",87,16,21
"03/2022",0,"45-49",88,15,NA
"03/2022",1,"0-4",NA,NA,NA
"03/2022",1,"5-9",173,26,NA
"03/2022",1,"10-14",20926,15426,1390
"03/2022",1,"15-19",6571,6956,5147
"03/2022",1,"20-24",705,612,596
"03/2022",1,"25-29",217,185,120
"03/2022",1,"30-34",103,47,48
"03/2022",1,"35-39",193,38,21
"03/2022",1,"40-44",303,19,13
"03/2022",1,"45-49",263,24,NA
"04/2022",0,"0-4",12,NA,NA
"04/2022",0,"5-9",72,NA,NA
"04/2022",0,"10-14",12640,8955,467
"04/2022",0,"15-19",5874,5557,4495
"04/2022",0,"20-24",425,367,310
"04/2022",0,"25-29",233,168,152
"04/2022",0,"30-34",79,59,46
"04/2022",0,"35-39",54,43,31
"04/2022",0,"40-44",81,24,20
"04/2022",0,"45-49",78,12,12
"04/2022",1,"0-4",NA,NA,NA
"04/2022",1,"5-9",147,29,NA
"04/2022",1,"10-14",18595,14624,1264
"04/2022",1,"15-19",6166,6886,5332
"04/2022",1,"20-24",564,616,633
"04/2022",1,"25-29",174,163,135
"04/2022",1,"30-34",88,52,36
"04/2022",1,"35-39",171,34,22
"04/2022",1,"40-44",305,31,NA
"04/2022",1,"45-49",273,18,NA
"05/2022",0,"0-4",NA,NA,NA
"05/2022",0,"5-9",92,23,NA
"05/2022",0,"10-14",14651,9671,546
"05/2022",0,"15-19",6103,5618,4605
"05/2022",0,"20-24",470,309,360
"05/2022",0,"25-29",235,176,157
"05/2022",0,"30-34",85,59,51
"05/2022",0,"35-39",67,36,33
"05/2022",0,"40-44",82,20,20
"05/2022",0,"45-49",104,18,NA
"05/2022",1,"0-4",NA,NA,NA
"05/2022",1,"5-9",155,40,NA
"05/2022",1,"10-14",20614,15750,1382
"05/2022",1,"15-19",6229,6920,5481
"05/2022",1,"20-24",612,662,649
"05/2022",1,"25-29",199,180,141
"05/2022",1,"30-34",92,59,45
"05/2022",1,"35-39",190,21,18
"05/2022",1,"40-44",331,29,15
"05/2022",1,"45-49",243,23,NA
"06/2022",0,"0-4",NA,NA,NA
"06/2022",0,"5-9",113,NA,NA
"06/2022",0,"10-14",17314,9834,579
"06/2022",0,"15-19",6639,6219,4666
"06/2022",0,"20-24",536,388,291
"06/2022",0,"25-29",244,180,129
"06/2022",0,"30-34",79,62,50
"06/2022",0,"35-39",80,51,28
"06/2022",0,"40-44",74,12,25
"06/2022",0,"45-49",90,20,14
"06/2022",1,"0-4",12,NA,NA
"06/2022",1,"5-9",176,39,NA
"06/2022",1,"10-14",23625,16159,1414
"06/2022",1,"15-19",6426,7202,5801
"06/2022",1,"20-24",636,635,680
"06/2022",1,"25-29",188,169,164
"06/2022",1,"30-34",107,48,38
"06/2022",1,"35-39",186,31,23
"06/2022",1,"40-44",363,35,12
"06/2022",1,"45-49",315,30,NA
"07/2022",0,"0-4",12,NA,NA
"07/2022",0,"5-9",79,NA,NA
"07/2022",0,"10-14",12808,6409,386
"07/2022",0,"15-19",5486,5101,3146
"07/2022",0,"20-24",465,340,283
"07/2022",0,"25-29",210,170,151
"07/2022",0,"30-34",76,69,43
"07/2022",0,"35-39",65,38,26
"07/2022",0,"40-44",73,21,NA
"07/2022",0,"45-49",75,19,NA
"07/2022",1,"0-4",NA,NA,NA
"07/2022",1,"5-9",117,25,NA
"07/2022",1,"10-14",16803,10535,1038
"07/2022",1,"15-19",5171,6146,4220
"07/2022",1,"20-24",530,552,547
"07/2022",1,"25-29",133,150,115
"07/2022",1,"30-34",88,52,32
"07/2022",1,"35-39",180,41,17
"07/2022",1,"40-44",289,31,17
"07/2022",1,"45-49",250,18,NA
"08/2022",0,"0-4",NA,NA,NA
"08/2022",0,"5-9",107,NA,NA
"08/2022",0,"10-14",18277,8155,429
"08/2022",0,"15-19",7868,6032,3702
"08/2022",0,"20-24",522,382,303
"08/2022",0,"25-29",198,171,116
"08/2022",0,"30-34",69,57,34
"08/2022",0,"35-39",55,29,21
"08/2022",0,"40-44",85,14,13
"08/2022",0,"45-49",81,13,NA
"08/2022",1,"0-4",NA,NA,NA
"08/2022",1,"5-9",175,29,NA
"08/2022",1,"10-14",23821,13454,1116
"08/2022",1,"15-19",6422,6653,4815
"08/2022",1,"20-24",585,568,613
"08/2022",1,"25-29",134,124,143
"08/2022",1,"30-34",79,42,36
"08/2022",1,"35-39",172,40,21
"08/2022",1,"40-44",312,26,NA
"08/2022",1,"45-49",275,24,NA
"09/2022",0,"0-4",18,NA,NA
"09/2022",0,"5-9",180,NA,NA
"09/2022",0,"10-14",32185,11339,656
"09/2022",0,"15-19",12885,6937,3738
"09/2022",0,"20-24",634,400,323
"09/2022",0,"25-29",231,170,152
"09/2022",0,"30-34",72,53,54
"09/2022",0,"35-39",85,30,33
"09/2022",0,"40-44",126,18,16
"09/2022",0,"45-49",124,NA,16
"09/2022",1,"0-4",21,NA,NA
"09/2022",1,"5-9",314,32,NA
"09/2022",1,"10-14",37196,18342,1777
"09/2022",1,"15-19",8648,7803,5688
"09/2022",1,"20-24",764,645,684
"09/2022",1,"25-29",187,159,166
"09/2022",1,"30-34",109,65,51
"09/2022",1,"35-39",296,44,25
"09/2022",1,"40-44",445,33,19
"09/2022",1,"45-49",439,32,NA
"10/2022",0,"0-4",14,NA,NA
"10/2022",0,"5-9",165,12,NA
"10/2022",0,"10-14",28112,10852,646
"10/2022",0,"15-19",13080,8075,4005
"10/2022",0,"20-24",658,384,300
"10/2022",0,"25-29",243,166,130
"10/2022",0,"30-34",102,46,40
"10/2022",0,"35-39",78,29,27
"10/2022",0,"40-44",113,23,15
"10/2022",0,"45-49",113,16,NA
"10/2022",0,NA,NA,NA,NA
"10/2022",1,"0-4",NA,NA,NA
"10/2022",1,"5-9",214,28,NA
"10/2022",1,"10-14",33372,17606,1526
"10/2022",1,"15-19",8759,8035,5500
"10/2022",1,"20-24",733,604,597
"10/2022",1,"25-29",189,131,146
"10/2022",1,"30-34",123,37,36
"10/2022",1,"35-39",269,32,24
"10/2022",1,"40-44",491,28,17
"10/2022",1,"45-49",391,19,12
"11/2022",0,"0-4",16,NA,NA
"11/2022",0,"5-9",116,NA,NA
"11/2022",0,"10-14",21017,10485,631
"11/2022",0,"15-19",9689,8816,3620
"11/2022",0,"20-24",598,442,294
"11/2022",0,"25-29",221,166,145
"11/2022",0,"30-34",69,54,53
"11/2022",0,"35-39",69,26,27
"11/2022",0,"40-44",124,28,NA
"11/2022",0,"45-49",108,16,NA
"11/2022",1,"0-4",14,NA,NA
"11/2022",1,"5-9",172,28,NA
"11/2022",1,"10-14",25592,16408,1422
"11/2022",1,"15-19",7242,8045,4911
"11/2022",1,"20-24",676,626,549
"11/2022",1,"25-29",211,156,144
"11/2022",1,"30-34",99,34,40
"11/2022",1,"35-39",244,40,22
"11/2022",1,"40-44",408,28,18
"11/2022",1,"45-49",358,26,NA
"12/2022",0,"0-4",12,NA,NA
"12/2022",0,"5-9",106,19,NA
"12/2022",0,"10-14",16867,10258,602
"12/2022",0,"15-19",8083,9533,4079
"12/2022",0,"20-24",572,463,384
"12/2022",0,"25-29",242,170,133
"12/2022",0,"30-34",67,67,44
"12/2022",0,"35-39",84,36,43
"12/2022",0,"40-44",101,23,22
"12/2022",0,"45-49",107,23,NA
"12/2022",1,"0-4",NA,NA,NA
"12/2022",1,"5-9",152,36,NA
"12/2022",1,"10-14",20279,15308,1332
"12/2022",1,"15-19",6016,7665,4969
"12/2022",1,"20-24",644,608,566
"12/2022",1,"25-29",167,138,131
"12/2022",1,"30-34",111,50,31
"12/2022",1,"35-39",212,48,34
"12/2022",1,"40-44",363,35,22
"12/2022",1,"45-49",345,28,NA
"01/2023",0,"0-4",15,NA,NA
"01/2023",0,"5-9",127,18,NA
"01/2023",0,"10-14",16802,10839,675
"01/2023",0,"15-19",7103,8762,4184
"01/2023",0,"20-24",590,484,314
"01/2023",0,"25-29",228,174,151
"01/2023",0,"30-34",98,49,52
"01/2023",0,"35-39",82,52,24
"01/2023",0,"40-44",107,33,NA
"01/2023",0,"45-49",130,20,15
"01/2023",1,"0-4",14,NA,NA
"01/2023",1,"5-9",190,31,NA
"01/2023",1,"10-14",21244,16452,1429
"01/2023",1,"15-19",5679,7539,4988
"01/2023",1,"20-24",668,744,566
"01/2023",1,"25-29",200,156,131
"01/2023",1,"30-34",132,58,48
"01/2023",1,"35-39",272,50,31
"01/2023",1,"40-44",421,38,NA
"01/2023",1,"45-49",323,22,16
"02/2023",0,"0-4",NA,NA,NA
"02/2023",0,"5-9",104,15,NA
"02/2023",0,"10-14",17713,11617,721
"02/2023",0,"15-19",7836,7914,4801
"02/2023",0,"20-24",603,473,344
"02/2023",0,"25-29",234,183,111
"02/2023",0,"30-34",93,56,35
"02/2023",0,"35-39",72,33,27
"02/2023",0,"40-44",122,23,21
"02/2023",0,"45-49",125,22,NA
"02/2023",1,"0-4",15,NA,NA
"02/2023",1,"5-9",158,32,NA
"02/2023",1,"10-14",22059,16881,1387
"02/2023",1,"15-19",6350,7045,5010
"02/2023",1,"20-24",616,599,567
"02/2023",1,"25-29",195,143,109
"02/2023",1,"30-34",126,53,34
"02/2023",1,"35-39",239,51,20
"02/2023",1,"40-44",390,36,14
"02/2023",1,"45-49",346,18,NA
"03/2023",0,"0-4",NA,NA,NA
"03/2023",0,"5-9",132,28,NA
"03/2023",0,"10-14",24089,15663,962
"03/2023",0,"15-19",11514,9062,5927
"03/2023",0,"20-24",1021,554,407
"03/2023",0,"25-29",342,188,161
"03/2023",0,"30-34",123,81,38
"03/2023",0,"35-39",91,50,26
"03/2023",0,"40-44",127,16,20
"03/2023",0,"45-49",144,25,NA
"03/2023",1,"0-4",NA,NA,NA
"03/2023",1,"5-9",182,42,NA
"03/2023",1,"10-14",27093,21209,1810
"03/2023",1,"15-19",8093,8015,5956
"03/2023",1,"20-24",899,740,666
"03/2023",1,"25-29",305,175,119
"03/2023",1,"30-34",143,72,33
"03/2023",1,"35-39",297,63,29
"03/2023",1,"40-44",484,46,20
"03/2023",1,"45-49",432,33,16
"04/2023",0,"0-4",14,NA,NA
"04/2023",0,"5-9",113,17,NA
"04/2023",0,"10-14",19505,14312,908
"04/2023",0,"15-19",9354,8837,6411
"04/2023",0,"20-24",744,553,389
"04/2023",0,"25-29",269,187,148
"04/2023",0,"30-34",86,69,37
"04/2023",0,"35-39",93,49,21
"04/2023",0,"40-44",107,23,14
"04/2023",0,"45-49",122,20,13
"04/2023",1,"0-4",12,NA,NA
"04/2023",1,"5-9",128,33,NA
"04/2023",1,"10-14",22387,19118,1564
"04/2023",1,"15-19",6690,7534,5506
"04/2023",1,"20-24",732,656,623
"04/2023",1,"25-29",244,145,132
"04/2023",1,"30-34",114,62,32
"04/2023",1,"35-39",246,61,26
"04/2023",1,"40-44",387,43,24
"04/2023",1,"45-49",332,34,NA
"05/2023",0,"0-4",16,NA,NA
"05/2023",0,"5-9",105,12,NA
"05/2023",0,"10-14",18277,13809,826
"05/2023",0,"15-19",7740,9042,5873
"05/2023",0,"20-24",719,631,408
"05/2023",0,"25-29",321,226,125
"05/2023",0,"30-34",91,71,45
"05/2023",0,"35-39",85,42,30
"05/2023",0,"40-44",118,24,18
"05/2023",0,"45-49",118,24,NA
"05/2023",1,"0-4",NA,NA,NA
"05/2023",1,"5-9",141,31,NA
"05/2023",1,"10-14",21292,18511,1562
"05/2023",1,"15-19",6066,7756,5371
"05/2023",1,"20-24",678,709,721
"05/2023",1,"25-29",209,202,145
"05/2023",1,"30-34",125,73,40
"05/2023",1,"35-39",260,50,38
"05/2023",1,"40-44",453,51,23
"05/2023",1,"45-49",422,41,NA
"06/2023",0,"0-4",14,NA,NA
"06/2023",0,"5-9",150,20,NA
"06/2023",0,"10-14",24602,14998,990
"06/2023",0,"15-19",9447,9937,6337
"06/2023",0,"20-24",842,645,504
"06/2023",0,"25-29",292,229,156
"06/2023",0,"30-34",97,59,43
"06/2023",0,"35-39",96,47,33
"06/2023",0,"40-44",128,25,18
"06/2023",0,"45-49",149,18,17
"06/2023",1,"0-4",25,NA,NA
"06/2023",1,"5-9",147,39,NA
"06/2023",1,"10-14",27515,20198,1697
"06/2023",1,"15-19",7149,8328,6030
"06/2023",1,"20-24",769,726,715
"06/2023",1,"25-29",233,215,144
"06/2023",1,"30-34",147,78,37
"06/2023",1,"35-39",301,50,51
"06/2023",1,"40-44",521,38,25
"06/2023",1,"45-49",439,21,12
"07/2023",0,"0-4",17,NA,NA
"07/2023",0,"5-9",87,NA,NA
"07/2023",0,"10-14",18637,10731,785
"07/2023",0,"15-19",8233,7765,4900
"07/2023",0,"20-24",803,540,442
"07/2023",0,"25-29",291,229,131
"07/2023",0,"30-34",81,82,55
"07/2023",0,"35-39",93,39,31
"07/2023",0,"40-44",107,36,13
"07/2023",0,"45-49",107,20,19
"07/2023",1,"0-4",NA,NA,NA
"07/2023",1,"5-9",126,25,NA
"07/2023",1,"10-14",21037,14306,1342
"07/2023",1,"15-19",6130,7014,4802
"07/2023",1,"20-24",633,650,603
"07/2023",1,"25-29",212,197,112
"07/2023",1,"30-34",114,62,51
"07/2023",1,"35-39",258,61,26
"07/2023",1,"40-44",410,43,19
"07/2023",1,"45-49",325,32,NA
"08/2023",0,"0-4",NA,NA,NA
"08/2023",0,"5-9",123,13,NA
"08/2023",0,"10-14",22939,13005,816
"08/2023",0,"15-19",9835,8656,5488
"08/2023",0,"20-24",858,655,440
"08/2023",0,"25-29",268,199,140
"08/2023",0,"30-34",89,57,35
"08/2023",0,"35-39",91,44,24
"08/2023",0,"40-44",122,34,17
"08/2023",0,"45-49",124,15,NA
"08/2023",1,"0-4",15,NA,NA
"08/2023",1,"5-9",145,32,NA
"08/2023",1,"10-14",25045,16549,1448
"08/2023",1,"15-19",6531,7016,4988
"08/2023",1,"20-24",663,668,619
"08/2023",1,"25-29",224,149,107
"08/2023",1,"30-34",132,78,41
"08/2023",1,"35-39",264,47,36
"08/2023",1,"40-44",407,47,17
"08/2023",1,"45-49",374,25,15
"09/2023",0,"0-4",24,NA,NA
"09/2023",0,"5-9",188,21,NA
"09/2023",0,"10-14",34427,18251,1312
"09/2023",0,"15-19",14175,10485,6577
"09/2023",0,"20-24",1176,748,585
"09/2023",0,"25-29",353,234,218
"09/2023",0,"30-34",119,66,62
"09/2023",0,"35-39",110,54,42
"09/2023",0,"40-44",172,37,19
"09/2023",0,"45-49",192,22,21
"09/2023",1,"0-4",17,NA,NA
"09/2023",1,"5-9",249,33,NA
"09/2023",1,"10-14",35011,23266,2140
"09/2023",1,"15-19",8290,8414,6201
"09/2023",1,"20-24",955,750,800
"09/2023",1,"25-29",287,214,142
"09/2023",1,"30-34",130,63,73
"09/2023",1,"35-39",356,73,45
"09/2023",1,"40-44",639,49,33
"09/2023",1,"45-49",554,39,22
"10/2023",0,"0-4",25,NA,NA
"10/2023",0,"5-9",162,19,NA
"10/2023",0,"10-14",35564,18241,1243
"10/2023",0,"15-19",17904,12014,7218
"10/2023",0,"20-24",1296,709,599
"10/2023",0,"25-29",441,220,181
"10/2023",0,"30-34",89,68,52
"10/2023",0,"35-39",116,37,25
"10/2023",0,"40-44",175,33,21
"10/2023",0,"45-49",207,19,15
"10/2023",1,"0-4",19,NA,NA
"10/2023",1,"5-9",191,28,NA
"10/2023",1,"10-14",35858,22741,1957
"10/2023",1,"15-19",10321,9390,6432
"10/2023",1,"20-24",897,751,695
"10/2023",1,"25-29",318,206,164
"10/2023",1,"30-34",159,58,51
"10/2023",1,"35-39",375,53,46
"10/2023",1,"40-44",617,46,23
"10/2023",1,"45-49",556,42,21
"11/2023",0,"0-4",14,NA,NA
"11/2023",0,"5-9",110,21,NA
"11/2023",0,"10-14",22453,13708,954
"11/2023",0,"15-19",10759,10803,5191
"11/2023",0,"20-24",1054,828,454
"11/2023",0,"25-29",327,245,167
"11/2023",0,"30-34",80,60,45
"11/2023",0,"35-39",64,45,30
"11/2023",0,"40-44",130,31,18
"11/2023",0,"45-49",137,25,12
"11/2023",1,"0-4",15,NA,NA
"11/2023",1,"5-9",133,18,NA
"11/2023",1,"10-14",23994,17152,1564
"11/2023",1,"15-19",7093,8171,4989
"11/2023",1,"20-24",777,732,628
"11/2023",1,"25-29",257,215,137
"11/2023",1,"30-34",123,54,41
"11/2023",1,"35-39",264,52,39
"11/2023",1,"40-44",460,52,26
"11/2023",1,"45-49",410,40,15
"12/2023",0,"0-4",NA,NA,NA
"12/2023",0,"5-9",78,12,NA
"12/2023",0,"10-14",16694,13140,925
"12/2023",0,"15-19",7768,11622,5632
"12/2023",0,"20-24",896,932,596
"12/2023",0,"25-29",298,287,164
"12/2023",0,"30-34",66,58,47
"12/2023",0,"35-39",76,42,37
"12/2023",0,"40-44",115,26,25
"12/2023",0,"45-49",102,24,14
"12/2023",1,"0-4",NA,NA,NA
"12/2023",1,"5-9",96,22,NA
"12/2023",1,"10-14",17742,16092,1371
"12/2023",1,"15-19",5179,7723,4871
"12/2023",1,"20-24",649,699,667
"12/2023",1,"25-29",232,195,155
"12/2023",1,"30-34",103,57,56
"12/2023",1,"35-39",201,46,32
"12/2023",1,"40-44",379,46,33
"12/2023",1,"45-49",307,36,17
"01/2024",0,"0-4",13,NA,NA
"01/2024",0,"5-9",95,13,NA
"01/2024",0,"10-14",18297,14980,1060
"01/2024",0,"15-19",7754,11876,6423
"01/2024",0,"20-24",880,984,605
"01/2024",0,"25-29",350,291,183
"01/2024",0,"30-34",99,61,49
"01/2024",0,"35-39",73,46,38
"01/2024",0,"40-44",116,30,28
"01/2024",0,"45-49",118,17,13
"01/2024",1,"0-4",NA,NA,NA
"01/2024",1,"5-9",104,25,NA
"01/2024",1,"10-14",20055,18324,1579
"01/2024",1,"15-19",5610,8322,5540
"01/2024",1,"20-24",709,791,733
"01/2024",1,"25-29",251,226,152
"01/2024",1,"30-34",129,60,44
"01/2024",1,"35-39",256,74,32
"01/2024",1,"40-44",445,59,35
"01/2024",1,"45-49",355,34,15
"02/2024",0,"0-4",NA,NA,NA
"02/2024",0,"5-9",89,13,NA
"02/2024",0,"10-14",17535,14901,994
"02/2024",0,"15-19",7297,8919,6186
"02/2024",0,"20-24",858,734,579
"02/2024",0,"25-29",336,236,156
"02/2024",0,"30-34",86,55,44
"02/2024",0,"35-39",80,39,31
"02/2024",0,"40-44",115,18,NA
"02/2024",0,"45-49",128,17,NA
"02/2024",1,"0-4",17,NA,NA
"02/2024",1,"5-9",126,22,NA
"02/2024",1,"10-14",19865,18291,1444
"02/2024",1,"15-19",5559,6801,5218
"02/2024",1,"20-24",691,713,655
"02/2024",1,"25-29",251,201,141
"02/2024",1,"30-34",141,60,42
"02/2024",1,"35-39",257,56,22
"02/2024",1,"40-44",426,53,21
"02/2024",1,"45-49",340,24,14
"03/2024",0,"0-4",12,NA,NA
"03/2024",0,"5-9",92,12,NA
"03/2024",0,"10-14",17338,16543,1166
"03/2024",0,"15-19",7369,8942,7062
"03/2024",0,"20-24",1012,791,731
"03/2024",0,"25-29",359,284,195
"03/2024",0,"30-34",75,59,41
"03/2024",0,"35-39",71,43,35
"03/2024",0,"40-44",104,25,20
"03/2024",0,"45-49",107,19,NA
"03/2024",1,"0-4",16,NA,NA
"03/2024",1,"5-9",114,23,NA
"03/2024",1,"10-14",19077,19495,1595
"03/2024",1,"15-19",5570,6908,5415
"03/2024",1,"20-24",704,701,673
"03/2024",1,"25-29",285,220,157
"03/2024",1,"30-34",131,86,37
"03/2024",1,"35-39",240,56,33
"03/2024",1,"40-44",406,50,27
"03/2024",1,"45-49",336,39,18
"04/2024",0,"0-4",13,NA,NA
"04/2024",0,"5-9",95,NA,NA
"04/2024",0,"10-14",18976,18881,1247
"04/2024",0,"15-19",7774,9345,8396
"04/2024",0,"20-24",979,753,792
"04/2024",0,"25-29",343,297,247
"04/2024",0,"30-34",66,64,40
"04/2024",0,"35-39",77,44,24
"04/2024",0,"40-44",94,17,19
"04/2024",0,"45-49",112,13,NA
"04/2024",1,"0-4",16,NA,NA
"04/2024",1,"5-9",112,26,NA
"04/2024",1,"10-14",20665,21623,1702
"04/2024",1,"15-19",5989,7437,6016
"04/2024",1,"20-24",626,684,708
"04/2024",1,"25-29",282,227,200
"04/2024",1,"30-34",147,72,41
"04/2024",1,"35-39",255,65,31
"04/2024",1,"40-44",452,51,23
"04/2024",1,"45-49",349,26,20
"05/2024",0,"0-4",12,NA,NA
"05/2024",0,"5-9",78,17,NA
"05/2024",0,"10-14",17290,15870,1082
"05/2024",0,"15-19",6078,8103,7002
"05/2024",0,"20-24",938,771,735
"05/2024",0,"25-29",314,273,216
"05/2024",0,"30-34",69,49,31
"05/2024",0,"35-39",65,32,31
"05/2024",0,"40-44",96,15,19
"05/2024",0,"45-49",109,17,NA
"05/2024",1,"0-4",21,NA,NA
"05/2024",1,"5-9",102,35,NA
"05/2024",1,"10-14",18852,18177,1480
"05/2024",1,"15-19",5054,6495,5244
"05/2024",1,"20-24",630,662,725
"05/2024",1,"25-29",231,209,147
"05/2024",1,"30-34",122,82,34
"05/2024",1,"35-39",250,79,43
"05/2024",1,"40-44",385,57,26
"05/2024",1,"45-49",308,33,17
"06/2024",0,"0-4",14,NA,NA
"06/2024",0,"5-9",96,14,NA
"06/2024",0,"10-14",24008,16356,1211
"06/2024",0,"15-19",7079,8193,6791
"06/2024",0,"20-24",1072,830,747
"06/2024",0,"25-29",358,269,202
"06/2024",0,"30-34",78,36,40
"06/2024",0,"35-39",93,37,30
"06/2024",0,"40-44",111,20,15
"06/2024",0,"45-49",129,14,NA
"06/2024",1,"0-4",15,NA,NA
"06/2024",1,"5-9",129,12,NA
"06/2024",1,"10-14",25632,18881,1623
"06/2024",1,"15-19",5841,6998,5387
"06/2024",1,"20-24",719,623,774
"06/2024",1,"25-29",288,224,179
"06/2024",1,"30-34",129,65,54
"06/2024",1,"35-39",277,51,46
"06/2024",1,"40-44",449,52,32
"06/2024",1,"45-49",370,28,22
"07/2024",0,"0-4",NA,NA,NA
"07/2024",0,"5-9",114,NA,NA
"07/2024",0,"10-14",21257,13012,1031
"07/2024",0,"15-19",7689,7838,6078
"07/2024",0,"20-24",1089,767,754
"07/2024",0,"25-29",394,276,213
"07/2024",0,"30-34",78,44,50
"07/2024",0,"35-39",80,27,25
"07/2024",0,"40-44",108,15,17
"07/2024",0,"45-49",132,18,14
"07/2024",1,"0-4",12,NA,NA
"07/2024",1,"5-9",125,17,NA
"07/2024",1,"10-14",22466,15387,1351
"07/2024",1,"15-19",6236,7043,5175
"07/2024",1,"20-24",751,691,688
"07/2024",1,"25-29",299,232,172
"07/2024",1,"30-34",121,70,53
"07/2024",1,"35-39",264,73,35
"07/2024",1,"40-44",389,50,31
"07/2024",1,"45-49",322,34,NA
"08/2024",0,"0-4",NA,NA,NA
"08/2024",0,"5-9",92,NA,NA
"08/2024",0,"10-14",21481,12248,882
"08/2024",0,"15-19",7550,7112,5114
"08/2024",0,"20-24",940,836,616
"08/2024",0,"25-29",340,269,217
"08/2024",0,"30-34",58,42,24
"08/2024",0,"35-39",64,28,NA
"08/2024",0,"40-44",101,19,NA
"08/2024",0,"45-49",82,21,NA
"08/2024",1,"0-4",16,NA,NA
"08/2024",1,"5-9",120,18,NA
"08/2024",1,"10-14",22998,14268,1205
"08/2024",1,"15-19",5362,6077,4576
"08/2024",1,"20-24",639,597,592
"08/2024",1,"25-29",230,195,176
"08/2024",1,"30-34",83,59,37
"08/2024",1,"35-39",227,57,39
"08/2024",1,"40-44",337,46,26
"08/2024",1,"45-49",301,27,15
"09/2024",0,"0-4",13,NA,NA
"09/2024",0,"5-9",117,15,NA
"09/2024",0,"10-14",26556,15644,1228
"09/2024",0,"15-19",8192,8051,5661
"09/2024",0,"20-24",1055,879,697
"09/2024",0,"25-29",402,291,217
"09/2024",0,"30-34",55,43,36
"09/2024",0,"35-39",89,32,31
"09/2024",0,"40-44",114,32,15
"09/2024",0,"45-49",111,19,NA
"09/2024",1,"0-4",NA,NA,NA
"09/2024",1,"5-9",157,19,NA
"09/2024",1,"10-14",28334,18728,1662
"09/2024",1,"15-19",6003,7104,5118
"09/2024",1,"20-24",745,753,748
"09/2024",1,"25-29",277,212,202
"09/2024",1,"30-34",141,77,66
"09/2024",1,"35-39",299,63,66
"09/2024",1,"40-44",508,67,25
"09/2024",1,"45-49",363,45,14
"10/2024",0,"0-4",18,NA,NA
"10/2024",0,"5-9",109,14,NA
"10/2024",0,"10-14",29303,17287,1250
"10/2024",0,"15-19",10640,9655,6175
"10/2024",0,"20-24",1178,845,702
"10/2024",0,"25-29",394,277,236
"10/2024",0,"30-34",89,35,34
"10/2024",0,"35-39",92,41,24
"10/2024",0,"40-44",126,25,17
"10/2024",0,"45-49",133,13,NA
"10/2024",1,"0-4",12,NA,NA
"10/2024",1,"5-9",141,18,NA
"10/2024",1,"10-14",31344,20273,1784
"10/2024",1,"15-19",7577,8013,5558
"10/2024",1,"20-24",754,654,701
"10/2024",1,"25-29",312,205,181
"10/2024",1,"30-34",150,61,56
"10/2024",1,"35-39",304,64,46
"10/2024",1,"40-44",483,55,22
"10/2024",1,"45-49",384,42,13
"11/2024",0,"0-4",NA,NA,NA
"11/2024",0,"5-9",87,12,NA
"11/2024",0,"10-14",18518,12217,971
"11/2024",0,"15-19",6479,7387,4253
"11/2024",0,"20-24",1006,822,577
"11/2024",0,"25-29",370,300,207
"11/2024",0,"30-34",68,40,24
"11/2024",0,"35-39",74,24,20
"11/2024",0,"40-44",105,13,14
"11/2024",0,"45-49",93,15,12
"11/2024",1,"0-4",16,NA,NA
"11/2024",1,"5-9",93,19,NA
"11/2024",1,"10-14",20235,14534,1279
"11/2024",1,"15-19",5244,6173,4202
"11/2024",1,"20-24",601,632,568
"11/2024",1,"25-29",265,220,152
"11/2024",1,"30-34",113,58,40
"11/2024",1,"35-39",246,69,46
"11/2024",1,"40-44",374,63,34
"11/2024",1,"45-49",287,33,16
"12/2024",0,"0-4",NA,NA,NA
"12/2024",0,"5-9",67,14,NA
"12/2024",0,"10-14",16076,12650,906
"12/2024",0,"15-19",5789,8009,4486
"12/2024",0,"20-24",879,903,702
"12/2024",0,"25-29",351,290,219
"12/2024",0,"30-34",70,44,20
"12/2024",0,"35-39",54,26,16
"12/2024",0,"40-44",92,14,NA
"12/2024",0,"45-49",95,NA,12
"12/2024",1,"0-4",NA,NA,NA
"12/2024",1,"5-9",71,14,NA
"12/2024",1,"10-14",17453,14488,1223
"12/2024",1,"15-19",4404,6383,4119
"12/2024",1,"20-24",583,671,644
"12/2024",1,"25-29",272,207,184
"12/2024",1,"30-34",106,79,42
"12/2024",1,"35-39",237,61,50
"12/2024",1,"40-44",311,56,44
"12/2024",1,"45-49",257,28,14
"01/2025",0,"0-4",15,NA,NA
"01/2025",0,"5-9",91,NA,NA
"01/2025",0,"10-14",17430,14440,1079
"01/2025",0,"15-19",5829,7665,4876
"01/2025",0,"20-24",988,867,743
"01/2025",0,"25-29",372,294,262
"01/2025",0,"30-34",69,46,29
"01/2025",0,"35-39",66,30,23
"01/2025",0,"40-44",112,25,15
"01/2025",0,"45-49",94,14,NA
"01/2025",1,"0-4",NA,NA,NA
"01/2025",1,"5-9",116,21,NA
"01/2025",1,"10-14",19675,16704,1406
"01/2025",1,"15-19",4834,6671,4574
"01/2025",1,"20-24",642,671,642
"01/2025",1,"25-29",281,257,166
"01/2025",1,"30-34",118,59,45
"01/2025",1,"35-39",224,73,32
"01/2025",1,"40-44",379,51,34
"01/2025",1,"45-49",309,34,20
"02/2025",0,"0-4",14,NA,NA
"02/2025",0,"5-9",91,NA,NA
"02/2025",0,"10-14",17248,14281,976
"02/2025",0,"15-19",5839,6589,4793
"02/2025",0,"20-24",884,712,639
"02/2025",0,"25-29",353,272,194
"02/2025",0,"30-34",56,48,25
"02/2025",0,"35-39",74,24,25
"02/2025",0,"40-44",106,16,NA
"02/2025",0,"45-49",86,NA,NA
"02/2025",1,"0-4",NA,NA,NA
"02/2025",1,"5-9",95,15,NA
"02/2025",1,"10-14",19328,16636,1272
"02/2025",1,"15-19",4937,5776,4349
"02/2025",1,"20-24",597,500,572
"02/2025",1,"25-29",242,170,137
"02/2025",1,"30-34",94,64,39
"02/2025",1,"35-39",227,57,36
"02/2025",1,"40-44",358,46,22
"02/2025",1,"45-49",260,35,16
"03/2025",0,"0-4",NA,NA,NA
"03/2025",0,"5-9",90,13,NA
"03/2025",0,"10-14",17403,15437,1073
"03/2025",0,"15-19",5894,6479,5204
"03/2025",0,"20-24",1126,842,756
"03/2025",0,"25-29",352,292,247
"03/2025",0,"30-34",60,46,26
"03/2025",0,"35-39",64,35,14
"03/2025",0,"40-44",104,19,13
"03/2025",0,"45-49",84,14,NA
"03/2025",1,"0-4",13,NA,NA
"03/2025",1,"5-9",95,15,NA
"03/2025",1,"10-14",19013,17762,1348
"03/2025",1,"15-19",4938,6020,4468
"03/2025",1,"20-24",689,652,725
"03/2025",1,"25-29",278,213,197
"03/2025",1,"30-34",110,69,47
"03/2025",1,"35-39",213,63,42
"03/2025",1,"40-44",324,44,34
"03/2025",1,"45-49",283,42,16
"04/2025",0,"0-4",12,NA,NA
"04/2025",0,"5-9",73,NA,NA
"04/2025",0,"10-14",18075,16782,1131
"04/2025",0,"15-19",6232,6943,5534
"04/2025",0,"20-24",1120,813,755
"04/2025",0,"25-29",363,297,269
"04/2025",0,"30-34",67,33,20
"04/2025",0,"35-39",55,21,19
"04/2025",0,"40-44",94,23,NA
"04/2025",0,"45-49",95,12,NA
"04/2025",1,"0-4",NA,NA,NA
"04/2025",1,"5-9",86,19,NA
"04/2025",1,"10-14",19729,19092,1474
"04/2025",1,"15-19",5080,6133,4819
"04/2025",1,"20-24",652,693,651
"04/2025",1,"25-29",272,190,153
"04/2025",1,"30-34",77,54,37
"04/2025",1,"35-39",211,54,41
"04/2025",1,"40-44",350,44,33
"04/2025",1,"45-49",273,29,19
"05/2025",0,"0-4",NA,NA,NA
"05/2025",0,"5-9",83,12,NA
"05/2025",0,"10-14",18192,14835,1033
"05/2025",0,"15-19",5941,6378,4868
"05/2025",0,"20-24",1240,856,743
"05/2025",0,"25-29",469,269,252
"05/2025",0,"30-34",57,37,19
"05/2025",0,"35-39",56,22,18
"05/2025",0,"40-44",89,15,14
"05/2025",0,"45-49",78,13,NA
"05/2025",1,"0-4",NA,NA,NA
"05/2025",1,"5-9",84,13,NA
"05/2025",1,"10-14",19024,17096,1316
"05/2025",1,"15-19",4604,5899,4474
"05/2025",1,"20-24",745,617,642
"05/2025",1,"25-29",429,195,169
"05/2025",1,"30-34",92,47,45
"05/2025",1,"35-39",177,49,38
"05/2025",1,"40-44",307,44,30
"05/2025",1,"45-49",256,24,22
"06/2025",0,"0-4",15,NA,NA
"06/2025",0,"5-9",87,14,NA
"06/2025",0,"10-14",20699,14611,1142
"06/2025",0,"15-19",5776,6193,4514
"06/2025",0,"20-24",1458,841,679
"06/2025",0,"25-29",516,289,213
"06/2025",0,"30-34",65,38,35
"06/2025",0,"35-39",68,28,17
"06/2025",0,"40-44",105,13,17
"06/2025",0,"45-49",99,NA,NA
"06/2025",1,"0-4",13,NA,NA
"06/2025",1,"5-9",90,18,NA
"06/2025",1,"10-14",21950,16696,1366
"06/2025",1,"15-19",4528,5576,4198
"06/2025",1,"20-24",1231,745,701
"06/2025",1,"25-29",649,291,176
"06/2025",1,"30-34",87,58,40
"06/2025",1,"35-39",228,47,41
"06/2025",1,"40-44",353,46,32
"06/2025",1,"45-49",282,34,15
"07/2025",0,"0-4",15,NA,NA
"07/2025",0,"5-9",78,NA,NA
"07/2025",0,"10-14",19135,12335,957
"07/2025",0,"15-19",6640,6590,4500
"07/2025",0,"20-24",1600,902,753
"07/2025",0,"25-29",626,318,258
"07/2025",0,"30-34",53,37,19
"07/2025",0,"35-39",67,26,18
"07/2025",0,"40-44",92,19,NA
"07/2025",0,"45-49",94,NA,NA
"07/2025",1,"0-4",NA,NA,NA
"07/2025",1,"5-9",70,NA,NA
"07/2025",1,"10-14",20594,14398,1213
"07/2025",1,"15-19",5363,5945,4411
"07/2025",1,"20-24",1442,837,713
"07/2025",1,"25-29",869,414,214
"07/2025",1,"30-34",95,45,41
"07/2025",1,"35-39",180,46,36
"07/2025",1,"40-44",301,48,20
"07/2025",1,"45-49",258,21,17
"08/2025",0,"0-4",NA,NA,NA
"08/2025",0,"5-9",66,NA,NA
"08/2025",0,"10-14",19297,11930,900
"08/2025",0,"15-19",6287,5941,3752
"08/2025",0,"20-24",1377,1021,620
"08/2025",0,"25-29",539,324,211
"08/2025",0,"30-34",49,33,27
"08/2025",0,"35-39",47,21,24
"08/2025",0,"40-44",98,21,NA
"08/2025",0,"45-49",88,NA,NA
"08/2025",1,"0-4",13,NA,NA
"08/2025",1,"5-9",87,NA,NA
"08/2025",1,"10-14",20512,13867,1143
"08/2025",1,"15-19",4600,5170,3689
"08/2025",1,"20-24",1197,909,688
"08/2025",1,"25-29",619,432,187
"08/2025",1,"30-34",76,29,38
"08/2025",1,"35-39",149,38,28
"08/2025",1,"40-44",306,28,17
"08/2025",1,"45-49",227,21,21
"09/2025",0,"0-4",13,NA,NA
"09/2025",0,"5-9",100,NA,NA
"09/2025",0,"10-14",22091,14600,1242
"09/2025",0,"15-19",6085,6407,4127
"09/2025",0,"20-24",1620,1133,745
"09/2025",0,"25-29",588,455,241
"09/2025",0,"30-34",65,32,17
"09/2025",0,"35-39",67,21,13
"09/2025",0,"40-44",124,18,NA
"09/2025",0,"45-49",90,16,NA
"09/2025",1,"0-4",13,NA,NA
"09/2025",1,"5-9",98,24,NA
"09/2025",1,"10-14",23790,16773,1476
"09/2025",1,"15-19",4713,5801,4117
"09/2025",1,"20-24",1386,1183,801
"09/2025",1,"25-29",843,630,263
"09/2025",1,"30-34",98,46,32
"09/2025",1,"35-39",228,54,27
"09/2025",1,"40-44",394,39,25
"09/2025",1,"45-49",291,31,17
"10/2025",0,"0-4",12,NA,NA
"10/2025",0,"5-9",104,NA,NA
"10/2025",0,"10-14",26973,17341,1300
"10/2025",0,"15-19",8492,8430,4965
"10/2025",0,"20-24",1775,1166,799
"10/2025",0,"25-29",750,504,271
"10/2025",0,"30-34",56,25,28
"10/2025",0,"35-39",89,21,NA
"10/2025",0,"40-44",114,19,NA
"10/2025",0,"45-49",104,NA,NA
"10/2025",1,"0-4",12,NA,NA
"10/2025",1,"5-9",130,NA,NA
"10/2025",1,"10-14",29402,19975,1641
"10/2025",1,"15-19",6405,7157,4895
"10/2025",1,"20-24",1532,1133,750
"10/2025",1,"25-29",893,589,250
"10/2025",1,"30-34",83,45,34
"10/2025",1,"35-39",218,39,28
"10/2025",1,"40-44",404,26,18
"10/2025",1,"45-49",289,28,NA
"11/2025",0,"0-4",NA,NA,NA
"11/2025",0,"5-9",58,12,NA
"11/2025",0,"10-14",17785,12110,1007
"11/2025",0,"15-19",6040,5923,3455
"11/2025",0,"20-24",1726,1106,643
"11/2025",0,"25-29",712,435,270
"11/2025",0,"30-34",50,34,27
"11/2025",0,"35-39",50,25,15
"11/2025",0,"40-44",86,21,NA
"11/2025",0,"45-49",100,13,NA
"11/2025",1,"0-4",NA,NA,NA
"11/2025",1,"5-9",89,NA,NA
"11/2025",1,"10-14",19611,14118,1201
"11/2025",1,"15-19",4588,5145,3572
"11/2025",1,"20-24",1314,1089,685
"11/2025",1,"25-29",788,594,258
"11/2025",1,"30-34",68,41,26
"11/2025",1,"35-39",192,38,29
"11/2025",1,"40-44",291,33,20
"11/2025",1,"45-49",228,18,NA
"12/2025",0,"0-4",NA,NA,NA
"12/2025",0,"5-9",58,NA,NA
"12/2025",0,"10-14",16187,12564,965
"12/2025",0,"15-19",5510,6395,3818
"12/2025",0,"20-24",1770,1198,869
"12/2025",0,"25-29",748,488,312
"12/2025",0,"30-34",45,33,20
"12/2025",0,"35-39",65,18,18
"12/2025",0,"40-44",84,14,NA
"12/2025",0,"45-49",66,NA,NA
"12/2025",1,"0-4",NA,NA,NA
"12/2025",1,"5-9",87,NA,NA
"12/2025",1,"10-14",17343,14151,1146
"12/2025",1,"15-19",4015,5507,3622
"12/2025",1,"20-24",1826,1257,887
"12/2025",1,"25-29",1235,789,417
"12/2025",1,"30-34",74,38,37
"12/2025",1,"35-39",158,24,22
"12/2025",1,"40-44",274,24,17
"12/2025",1,"45-49",201,16,13
"01/2026",0,"0-4",NA,NA,NA
"01/2026",0,"5-9",65,NA,NA
"01/2026",0,"10-14",15542,12588,934
"01/2026",0,"15-19",4627,6268,3903
"01/2026",0,"20-24",1992,1379,873
"01/2026",0,"25-29",1014,541,375
"01/2026",0,"30-34",54,27,20
"01/2026",0,"35-39",65,16,24
"01/2026",0,"40-44",92,17,12
"01/2026",0,"45-49",73,NA,NA
"01/2026",1,"0-4",NA,NA,NA
"01/2026",1,"5-9",66,16,NA
"01/2026",1,"10-14",16978,14658,1140
"01/2026",1,"15-19",3901,5404,3676
"01/2026",1,"20-24",3421,1650,1212
"01/2026",1,"25-29",2660,1012,619
"01/2026",1,"30-34",69,29,32
"01/2026",1,"35-39",153,33,30
"01/2026",1,"40-44",232,36,18
"01/2026",1,"45-49",210,20,15
"02/2026",0,"0-4",NA,NA,NA
"02/2026",0,"5-9",49,NA,NA
"02/2026",0,"10-14",17197,13327,968
"02/2026",0,"15-19",5207,5704,3962
"02/2026",0,"20-24",2666,1342,869
"02/2026",0,"25-29",1457,621,365
"02/2026",0,"30-34",44,31,16
"02/2026",0,"35-39",57,21,NA
"02/2026",0,"40-44",89,13,16
"02/2026",0,"45-49",70,NA,NA
"02/2026",1,"0-4",NA,NA,NA
"02/2026",1,"5-9",77,13,NA
"02/2026",1,"10-14",19180,15606,1161
"02/2026",1,"15-19",4293,4932,3700
"02/2026",1,"20-24",4281,1947,1105
"02/2026",1,"25-29",3449,1294,628
"02/2026",1,"30-34",65,30,30
"02/2026",1,"35-39",169,33,13
"02/2026",1,"40-44",285,26,NA
"02/2026",1,"45-49",210,23,NA
"03/2026",0,"0-4",NA,NA,NA
"03/2026",0,"5-9",61,NA,NA
"03/2026",0,"10-14",17214,13644,1030
"03/2026",0,"15-19",4932,5525,4013
"03/2026",0,"20-24",3379,1599,1065
"03/2026",0,"25-29",1799,812,395
"03/2026",0,"30-34",47,20,15
"03/2026",0,"35-39",55,20,13
"03/2026",0,"40-44",80,18,NA
"03/2026",0,"45-49",68,NA,NA
"03/2026",1,"0-4",NA,NA,NA
"03/2026",1,"5-9",75,16,NA
"03/2026",1,"10-14",18783,15637,1246
"03/2026",1,"15-19",4347,4961,3601
"03/2026",1,"20-24",5063,3055,1594
"03/2026",1,"25-29",4051,2351,881
"03/2026",1,"30-34",71,39,20
"03/2026",1,"35-39",153,35,25
"03/2026",1,"40-44",263,25,20
"03/2026",1,"45-49",202,24,16
"04/2026",0,"0-4",NA,NA,NA
"04/2026",0,"5-9",55,NA,NA
"04/2026",0,"10-14",15275,12910,921
"04/2026",0,"15-19",4539,5033,3570
"04/2026",0,"20-24",2694,1659,863
"04/2026",0,"25-29",1411,891,373
"04/2026",0,"30-34",48,20,16
"04/2026",0,"35-39",39,NA,12
"04/2026",0,"40-44",62,15,NA
"04/2026",0,"45-49",56,NA,NA
"04/2026",1,"0-4",NA,NA,NA
"04/2026",1,"5-9",59,NA,NA
"04/2026",1,"10-14",16578,15338,1113
"04/2026",1,"15-19",3736,4282,3320
"04/2026",1,"20-24",3953,3198,1369
"04/2026",1,"25-29",3165,2584,850
"04/2026",1,"30-34",66,30,30
"04/2026",1,"35-39",125,31,14
"04/2026",1,"40-44",241,17,NA
"04/2026",1,"45-49",183,13,NA
